"STATISTICHE UFFICIALI 2013/2014",,,,,,,,,,,,,,,,,,,,
"Solo su WWW.FANTAGAZZETTA.COMi voti alle prime luci dell'alba",,,,,,,,,,,,,,,,,,,,
,,,,,,,,,,,,,,,,,,,,
"Codice","Ruolo","Calciatore","Squadra","P","Amm","Esp","Gf","Gs","assist","As","Af","Rp","R-","R+","Aut","Gv","Media Voto","Gp","FantaMedia","FantaMedia+"
237,"P","RUBINHO","JUVENTUS",1,0,0,0,0,0,0,0,0,0,0,0,0,7,0,7,7
392,"P","SKORUPSKI","ROMA",2,0,0,0,2,0,0,0,0,0,0,0,0,7,0,6,6
127,"P","SILVESTRI","CAGLIARI",3,0,1,0,5,0,0,0,0,0,0,1,0,6.83,0,4.17,4.17
238,"P","STORARI","JUVENTUS",6,0,0,0,3,0,0,0,0,0,0,0,0,6.5,0,6,6
244,"P","BIZZARRI A.","GENOA",1,0,0,0,0,0,0,0,0,0,0,0,0,6.5,0,6.5,6.5
54,"P","STOJANOVIC","BOLOGNA",1,0,0,0,1,0,0,0,0,0,0,0,0,6.5,0,5.5,5.5
611,"P","SPORTIELLO","ATALANTA",3,0,0,0,3,0,0,0,0,0,0,0,0,6.5,0,5.5,5.5
176,"P","PERIN","GENOA",37,3,0,0,50,0,0,0,2,0,0,0,0,6.41,0,5.18,5.18
219,"P","BUFFON","JUVENTUS",33,0,1,0,20,0,0,0,1,0,0,0,0,6.41,0,5.86,5.86
12,"P","CONSIGLI","ATALANTA",35,3,0,0,48,0,0,0,1,0,0,0,0,6.39,0,5.06,5.06
727,"P","SCUFFET","UDINESE",16,1,0,0,22,0,0,0,0,0,0,0,0,6.38,0,4.97,4.97
658,"P","PEGOLO","SASSUOLO",33,3,0,0,55,0,0,0,2,0,0,0,0,6.36,0,4.83,4.83
147,"P","NETO","FIORENTINA",35,3,0,0,38,0,0,0,0,0,0,0,0,6.31,0,5.19,5.19
380,"P","DE SANCTIS","ROMA",36,2,0,0,23,0,0,0,0,0,0,0,0,6.29,0,5.63,5.63
730,"P","DOBLAS","NAPOLI",2,0,0,0,2,0,0,0,0,0,0,0,0,6.25,0,5.25,5.25
61,"P","AVRAMOV","CAGLIARI",23,4,0,0,25,0,0,0,0,0,0,0,0,6.24,0,5.07,5.07
342,"P","REINA","NAPOLI",30,0,0,0,29,0,0,0,1,0,0,1,0,6.22,0,5.28,5.28
359,"P","MIRANTE","PARMA",36,1,1,0,42,0,0,0,1,0,0,0,0,6.22,0,5.1,5.1
196,"P","HANDANOVIC","INTER",36,0,1,0,32,0,0,0,3,0,0,0,0,6.18,0,5.51,5.51
649,"P","BERISHA","LAZIO",17,0,0,0,25,0,0,0,0,0,0,0,0,6.18,0,4.71,4.71
346,"P","BAJZA","PARMA",3,0,0,0,4,0,0,0,0,0,0,0,0,6.17,0,4.83,4.83
92,"P","FRISON","CATANIA",14,1,0,0,24,0,0,0,1,0,0,1,0,6.14,0,4.46,4.46
120,"P","PUGGIONI","CHIEVO",23,0,0,0,32,0,0,0,1,0,0,0,0,6.13,0,4.87,4.87
469,"P","PADELLI","TORINO",38,3,0,0,47,0,0,0,1,0,0,0,0,6.13,0,4.93,4.93
271,"P","BARDI","LIVORNO",35,3,0,0,69,0,0,0,0,0,0,1,0,6.07,0,4,4
341,"P","RAFAEL C.","NAPOLI",8,0,0,0,8,0,0,0,0,0,0,0,0,6.06,0,5.06,5.06
477,"P","BRKIC","UDINESE",12,0,0,0,22,0,0,0,0,0,0,0,0,6.04,0,4.21,4.21
462,"P","GOMIS","TORINO",1,1,0,0,1,0,0,0,0,0,0,0,0,6,0,4.5,4.5
526,"P","RAFAEL","VERONA HELLAS",37,1,0,0,63,0,0,0,2,0,0,0,0,6,0,4.45,4.45
325,"P","COLOMBO","NAPOLI",1,0,0,0,0,0,0,0,0,0,0,0,0,6,0,6,6
40,"P","CURCI","BOLOGNA",37,2,0,0,57,0,0,0,1,0,0,0,0,6,0,4.51,4.51
191,"P","CARRIZO","INTER",4,0,0,0,7,0,0,0,1,0,0,0,0,6,0,5,5
128,"P","SQUIZZI","CHIEVO",1,0,0,0,1,0,0,0,0,0,0,0,0,6,0,5,5
291,"P","ABBIATI","MILAN",28,4,1,0,31,0,0,0,0,0,0,1,0,5.93,0,4.64,4.64
401,"P","DA COSTA","SAMPDORIA",33,1,0,0,49,0,0,0,0,0,0,0,0,5.92,0,4.42,4.42
405,"P","FIORILLO","SAMPDORIA",5,0,0,0,13,0,0,0,0,0,0,0,0,5.9,0,3.3,3.3
488,"P","KELAVA","UDINESE",10,2,0,0,13,0,0,0,0,0,0,0,0,5.85,0,4.45,4.45
57,"P","AGAZZI","CHIEVO",25,1,0,0,40,0,0,0,1,0,0,0,0,5.84,0,4.34,4.34
260,"P","MARCHETTI","LAZIO",21,0,0,0,29,0,0,0,0,0,0,0,0,5.83,0,4.45,4.45
652,"P","ANANIA","LIVORNO",3,0,0,0,8,0,0,0,1,0,0,0,0,5.83,0,4.17,4.17
443,"P","ROSATI","FIORENTINA",5,1,0,0,12,0,0,0,1,0,0,0,0,5.8,0,3.9,3.9
292,"P","AMELIA","MILAN",5,0,0,0,8,0,0,0,0,0,0,0,0,5.8,0,4.2,4.2
83,"P","ANDUJAR","CATANIA",24,0,0,0,42,0,0,0,0,0,0,0,0,5.75,0,4,4
442,"P","POMINI","SASSUOLO",3,0,0,0,11,0,0,0,0,0,0,0,0,5.67,0,2,2
525,"P","NICOLAS","VERONA HELLAS",1,0,0,0,5,0,0,0,0,0,0,0,0,5.5,0,0.5,0.5
302,"P","GABRIEL","MILAN",7,1,0,0,10,0,0,0,0,0,0,0,0,5.29,0,3.79,3.79
673,"P","ADAN GARRIDO","CAGLIARI",2,0,0,0,4,0,0,0,0,0,0,0,0,5,0,3,3
153,"A","ROSSI","FIORENTINA",21,1,0,10,0,3,3,0,0,0,6,0,3,6.86,0,9.12,9.26
239,"A","TEVEZ","JUVENTUS",33,4,0,18,0,3,3,0,0,0,1,0,5,6.8,0,8.47,8.56
397,"A","TOTTI","ROMA",25,3,0,6,0,4,4,0,0,0,2,0,2,6.58,0,7.48,7.64
381,"A","DESTRO","ROMA",18,5,0,13,0,1,1,0,0,0,0,0,5,6.53,0,8.56,8.61
530,"A","TONI","VERONA HELLAS",34,4,0,17,0,6,6,0,0,0,3,0,7,6.53,0,8.24,8.41
333,"A","HIGUAIN","NAPOLI",31,6,0,12,0,6,6,0,0,0,5,0,7,6.47,1,8.02,8.21
226,"A","LLORENTE","JUVENTUS",32,3,0,16,0,4,4,0,0,0,0,0,6,6.45,1,7.91,8.03
656,"A","ITURBE","VERONA HELLAS",33,4,0,8,0,5,5,0,0,0,0,0,2,6.42,0,7.09,7.24
144,"A","LJAJIC","ROMA",25,5,0,5,0,4,4,0,0,0,1,0,1,6.4,0,7.02,7.18
560,"A","GERVINHO","ROMA",33,2,0,9,0,8,8,0,0,0,0,0,2,6.39,0,7.18,7.42
463,"A","IMMOBILE","TORINO",32,9,1,22,0,2,2,0,0,1,0,0,4,6.38,0,8.17,8.23
236,"A","QUAGLIARELLA","JUVENTUS",7,1,0,1,0,0,0,0,0,0,0,0,0,6.36,0,6.71,6.71
632,"A","KEITA","LAZIO",22,2,0,5,0,4,4,0,0,0,0,0,0,6.36,0,7,7.18
363,"A","OKAKA","SAMPDORIA",13,4,0,5,0,2,2,0,0,0,0,0,3,6.31,0,7.31,7.46
349,"A","CASSANO","PARMA",32,5,0,11,0,3,3,0,0,2,1,0,2,6.27,1,7.13,7.22
209,"A","PALACIO","INTER",37,4,0,17,0,6,6,0,0,0,0,0,6,6.27,0,7.59,7.76
335,"A","INSIGNE","NAPOLI",31,2,0,3,0,3,3,0,0,0,0,0,0,6.23,0,6.48,6.58
482,"A","DI NATALE","UDINESE",30,1,0,13,0,1,1,0,0,2,4,0,6,6.23,3,7.72,7.75
223,"A","GIOVINCO","JUVENTUS",9,2,0,2,0,1,1,0,0,0,0,0,1,6.22,0,6.78,6.89
285,"A","PAULINHO","LIVORNO",35,8,0,12,0,2,2,0,0,0,3,0,5,6.2,0,7.37,7.43
427,"A","BERARDI D.","SASSUOLO",29,10,1,10,0,2,2,0,0,0,6,0,3,6.19,1,7.64,7.71
168,"A","GILARDINO","GENOA",35,7,0,11,0,0,0,0,0,3,4,0,4,6.19,2,7.11,7.11
115,"A","LAZAREVIC","CHIEVO",13,1,0,1,0,1,1,0,0,0,0,0,1,6.15,0,6.35,6.42
406,"A","GABBIADINI","SAMPDORIA",34,5,0,9,0,2,2,0,0,0,0,0,0,6.15,2,6.87,6.93
16,"A","DENIS","ATALANTA",37,2,0,11,0,3,3,0,0,1,2,0,3,6.14,1,7.08,7.16
197,"A","ICARDI","INTER",20,1,0,9,0,1,1,0,0,0,0,0,3,6.13,0,7.45,7.5
369,"A","SANSONE N.","SASSUOLO",23,2,0,7,0,2,2,0,0,0,0,0,3,6.13,1,7,7.09
374,"A","BORRIELLO","ROMA",9,2,0,1,0,0,0,0,0,0,0,0,1,6.06,0,6.28,6.28
447,"A","ZAZA","SASSUOLO",32,10,1,8,0,1,1,0,0,0,1,0,1,6.06,1,6.72,6.75
715,"A","OSVALDO","JUVENTUS",8,1,0,1,0,1,1,0,0,0,0,0,1,6.06,0,6.38,6.5
403,"A","EDER","SAMPDORIA",33,7,1,9,0,4,4,0,0,0,3,0,3,6.05,1,7,7.12
345,"A","AMAURI","PARMA",26,1,2,6,0,2,2,0,0,1,2,0,3,6.04,0,6.75,6.83
420,"A","SANSONE G.","SAMPDORIA",20,2,0,3,0,0,0,0,0,0,0,0,1,6.03,0,6.42,6.42
520,"A","JUANITO","VERONA HELLAS",24,3,0,5,0,5,5,0,0,0,0,0,1,6.02,1,6.58,6.79
538,"A","DOUKARA","CATANIA",1,1,0,0,0,0,0,0,0,0,0,0,0,6,0,5.5,5.5
635,"A","ZAPATA D.","NAPOLI",8,1,0,5,0,2,2,0,0,0,0,0,1,6,0,7.81,8.06
637,"A","REBIC","FIORENTINA",2,0,0,1,0,0,0,0,0,0,0,0,0,6,0,7.5,7.5
716,"A","OBINNA","CHIEVO",9,0,0,2,0,0,0,0,0,0,0,0,1,6,0,6.67,6.67
719,"A","BENTANCOURT","ATALANTA",2,0,0,0,0,0,0,0,0,0,0,0,0,6,0,6,6
690,"A","GLIOZZI","SASSUOLO",1,0,0,0,0,0,0,0,0,0,0,0,0,6,0,6,6
704,"A","SANABRIA","SASSUOLO",2,0,0,0,0,0,0,0,0,0,0,0,0,6,0,6,6
740,"A","CARUSO","CATANIA",1,0,0,0,0,0,0,0,0,0,0,0,0,6,0,6,6
761,"A","AVENI","CATANIA",1,0,0,0,0,0,0,0,0,0,0,0,0,6,0,6,6
414,"A","POZZI","PARMA",9,2,0,1,0,1,1,0,0,0,1,0,1,6,0,6.56,6.67
339,"A","PANDEV","NAPOLI",22,3,0,7,0,4,4,0,0,1,0,0,2,6,0,6.75,6.93
255,"A","KLOSE","LAZIO",24,2,0,7,0,1,1,0,0,0,0,0,3,6,0,6.83,6.88
167,"A","FLORO FLORES","SASSUOLO",27,4,0,7,0,3,3,0,0,0,0,0,1,5.98,1,6.69,6.8
70,"A","IBARBO","CAGLIARI",29,6,1,4,0,1,1,0,0,1,0,0,2,5.98,1,6.16,6.19
14,"A","DE LUCA","ATALANTA",15,1,0,4,0,2,2,0,0,0,0,0,2,5.97,2,6.73,6.87
116,"A","PALOSCHI","CHIEVO",32,3,0,9,0,1,1,0,0,0,4,0,3,5.95,0,7.13,7.16
73,"A","NENE","CAGLIARI",17,3,0,5,0,0,0,0,0,0,0,0,1,5.94,0,6.74,6.74
467,"A","MEGGIORINI","TORINO",17,1,0,0,0,3,3,0,0,0,0,0,0,5.94,0,5.91,6.09
265,"A","PEREA","LAZIO",12,3,0,1,0,0,0,0,0,0,0,0,0,5.92,0,6.04,6.04
511,"A","CACIA","VERONA HELLAS",5,0,0,0,0,0,0,0,0,0,0,0,0,5.9,0,5.9,5.9
544,"A","FARIAS","SASSUOLO",8,1,0,0,0,0,0,0,0,0,0,0,0,5.88,0,5.81,5.81
602,"A","BOATENG KI.","CATANIA",4,0,0,0,0,0,0,0,0,0,0,0,0,5.88,0,5.88,5.88
80,"A","SAU","CAGLIARI",28,1,0,6,0,1,1,0,0,0,0,0,1,5.88,1,6.5,6.54
86,"A","BERGESSIO","CATANIA",30,7,1,9,0,2,2,0,0,0,1,0,4,5.87,1,6.72,6.78
608,"A","MATOS","FIORENTINA",11,4,0,0,0,0,0,0,0,0,0,0,0,5.86,0,5.68,5.68
76,"A","PINILLA","CAGLIARI",26,9,1,3,0,2,2,0,0,2,4,0,3,5.85,1,6.21,6.29
130,"A","THEREAU","CHIEVO",31,2,0,5,0,1,1,0,0,1,2,0,2,5.85,0,6.4,6.44
171,"A","KONATE","GENOA",20,2,0,1,0,1,1,0,0,0,0,0,0,5.83,0,5.92,5.97
425,"A","ALEXE","SASSUOLO",3,0,0,0,0,0,0,0,0,0,0,0,0,5.83,0,5.83,5.83
464,"A","LARRONDO","TORINO",3,1,0,1,0,0,0,0,0,0,0,0,0,5.83,0,6.67,6.67
634,"A","EMEGHARA","LIVORNO",26,2,1,4,0,4,4,0,0,0,1,0,1,5.83,1,6.33,6.48
294,"A","BALOTELLI","MILAN",28,9,1,11,0,3,3,0,0,2,3,0,5,5.82,2,6.91,7.02
322,"A","CALAIO","GENOA",15,1,0,3,0,0,0,0,0,1,0,0,0,5.8,1,6.17,6.17
308,"A","PAZZINI","MILAN",14,1,0,2,0,0,0,0,0,0,0,0,1,5.79,0,6.18,6.18
494,"A","MURIEL","UDINESE",21,3,0,2,0,1,1,0,0,0,2,0,1,5.79,0,6.29,6.33
722,"A","RABUSIC","VERONA HELLAS",2,0,0,0,0,0,0,0,0,0,0,0,0,5.75,0,5.75,5.75
440,"A","PAVOLETTI","SASSUOLO",2,0,0,0,0,0,0,0,0,0,0,0,0,5.75,0,5.75,5.75
140,"A","GOMEZ","FIORENTINA",9,1,0,2,0,1,1,0,0,0,1,0,1,5.72,0,6.67,6.78
241,"A","VUCINIC","JUVENTUS",7,2,0,1,0,0,0,0,0,0,1,0,0,5.71,0,6.43,6.43
119,"A","PELLISSIER","CHIEVO",15,2,2,1,0,0,0,0,0,0,0,0,0,5.7,0,5.7,5.7
448,"A","BARRETO","TORINO",10,0,0,0,0,1,1,0,0,0,0,0,0,5.7,0,5.7,5.8
490,"A","LOPEZ","UDINESE",15,0,0,2,0,0,0,0,0,0,0,0,0,5.67,0,6.07,6.07
105,"A","ACOSTY","CHIEVO",3,1,0,0,0,0,0,0,0,0,0,0,0,5.67,0,5.5,5.5
438,"A","MASUCCI","SASSUOLO",8,1,0,0,0,0,0,0,0,0,0,0,0,5.63,0,5.56,5.56
647,"A","CRISTALDO","BOLOGNA",26,1,1,4,0,2,2,0,0,0,0,0,1,5.63,0,6.04,6.12
721,"A","FEDATO","CATANIA",5,0,0,0,0,0,0,0,0,0,0,0,0,5.6,0,5.6,5.6
300,"A","EL SHAARAWY","MILAN",5,1,0,0,0,0,0,0,0,0,0,0,0,5.6,0,5.5,5.5
278,"A","DIONISI","LIVORNO",1,0,0,0,0,0,0,0,0,0,0,0,0,5.5,0,5.5,5.5
1,"A","ARDEMAGNI","CHIEVO",1,0,0,0,0,0,0,0,0,0,0,0,0,5.5,0,5.5,5.5
695,"A","PAPONI","BOLOGNA",2,0,0,0,0,0,0,0,0,0,0,0,0,5.5,0,5.5,5.5
763,"A","BARTOLINI","LIVORNO",1,0,0,0,0,0,0,0,0,0,0,0,0,5.5,0,5.5,5.5
501,"A","RANEGIE","UDINESE",1,0,0,0,0,0,0,0,0,0,0,0,0,5.5,0,5.5,5.5
47,"A","MOSCARDELLI","BOLOGNA",13,5,0,1,0,0,0,0,0,0,0,0,0,5.46,0,5.5,5.5
187,"A","BELFODIL","LIVORNO",20,1,1,0,0,1,1,0,0,0,0,0,0,5.45,0,5.38,5.42
99,"A","MAXI LOPEZ","SAMPDORIA",19,1,1,1,0,0,0,0,0,1,1,0,2,5.39,0,5.47,5.47
37,"A","BIANCHI R.","BOLOGNA",25,4,0,3,0,1,1,0,0,1,0,0,0,5.38,1,5.54,5.58
22,"A","MARILUNGO","ATALANTA",4,0,0,0,0,0,0,0,0,0,0,0,0,5.38,0,5.38,5.38
205,"A","MILITO","INTER",12,0,0,2,0,1,1,0,0,1,0,0,0,5.38,0,5.63,5.71
229,"A","MATRI","FIORENTINA",25,3,0,4,0,2,2,0,0,0,1,0,2,5.38,0,5.92,6
252,"A","FLOCCARI","SASSUOLO",20,1,0,1,0,1,1,0,0,1,0,0,0,5.33,0,5.3,5.35
309,"A","PETAGNA","MILAN",3,1,0,0,0,0,0,0,0,0,0,0,0,5.33,0,5.17,5.17
20,"A","LIVAJA","ATALANTA",14,3,0,2,0,0,0,0,0,0,0,0,1,5.32,0,5.64,5.64
664,"A","BORJA","LIVORNO",2,0,0,0,0,0,0,0,0,0,0,0,0,5.25,0,5.25,5.25
707,"A","POSTIGA","LAZIO",4,0,0,0,0,0,0,0,0,0,0,0,0,5.25,0,5.25,5.25
311,"A","ROBINHO","MILAN",19,1,0,3,0,2,2,0,0,0,0,0,0,5.21,0,5.66,5.76
306,"A","NIANG","MILAN",8,1,0,0,0,1,1,0,0,0,0,0,0,5.13,0,5.06,5.19
377,"A","CAPRARI","ROMA",1,0,0,0,0,0,0,0,0,0,0,0,0,5,0,5,5
543,"A","PETKOVIC","CATANIA",3,0,0,0,0,0,0,0,0,0,0,0,0,5,0,5,5
33,"A","ACQUAFRESCA","BOLOGNA",14,2,0,0,0,0,0,0,0,0,0,0,0,4.89,0,4.82,4.82
233,"C","PEPE","JUVENTUS",1,0,0,0,0,0,0,0,0,0,0,0,0,7,0,7,7
393,"C","STROOTMAN","ROMA",23,6,0,3,0,4,4,0,0,0,2,0,0,6.61,1,7.13,7.3
337,"C","MERTENS","NAPOLI",26,4,0,9,0,4,4,0,0,0,2,0,4,6.56,0,7.75,7.9
379,"C","DE ROSSI","ROMA",31,4,1,1,0,1,1,0,0,0,0,0,1,6.55,0,6.55,6.58
137,"C","CUADRADO","FIORENTINA",31,8,1,11,0,5,5,0,0,0,0,0,3,6.52,0,7.42,7.58
701,"C","TABANELLI","CAGLIARI",2,0,0,0,0,0,0,0,0,0,0,0,0,6.5,0,6.5,6.5
739,"C","DONSAH","VERONA HELLAS",1,1,0,0,0,0,0,0,0,0,0,0,0,6.5,0,6,6
132,"C","AMBROSINI","FIORENTINA",18,7,0,0,0,0,0,0,0,0,0,0,0,6.47,0,6.28,6.28
72,"C","NAINGGOLAN","ROMA",34,11,0,4,0,3,3,0,0,0,0,0,2,6.46,1,6.65,6.74
390,"C","PJANIC","ROMA",35,7,1,5,0,5,5,0,0,0,1,0,3,6.46,0,6.84,6.99
235,"C","POGBA","JUVENTUS",36,4,0,7,0,6,6,0,0,0,0,0,4,6.42,0,6.94,7.11
395,"C","TADDEI","ROMA",15,4,0,2,0,1,1,0,0,0,0,0,0,6.4,0,6.67,6.73
151,"C","ROMULO","VERONA HELLAS",32,4,0,6,0,5,5,0,0,0,0,0,0,6.39,0,6.89,7.05
234,"C","PIRLO","JUVENTUS",29,4,0,4,0,2,2,0,0,0,0,0,1,6.38,0,6.72,6.79
240,"C","VIDAL","JUVENTUS",29,8,0,9,0,4,4,0,0,0,2,0,6,6.36,1,7.36,7.5
134,"C","BORJA VALERO","FIORENTINA",32,5,1,6,0,4,4,0,0,0,0,0,0,6.33,0,6.78,6.91
149,"C","PIZARRO","FIORENTINA",28,5,1,1,0,2,2,0,0,1,0,0,1,6.32,0,6.2,6.27
4,"C","BONAVENTURA","ATALANTA",31,2,0,5,0,1,1,0,0,0,0,0,2,6.32,0,6.77,6.81
215,"C","ASAMOAH","JUVENTUS",34,6,0,2,0,2,2,0,0,0,0,0,1,6.29,0,6.38,6.44
246,"C","CANDREVA","LAZIO",37,2,1,6,0,5,5,0,0,0,6,0,5,6.28,1,7.2,7.34
519,"C","JORGINHO","NAPOLI",32,6,0,2,0,2,2,0,0,0,5,0,3,6.28,1,6.84,6.91
453,"C","CERCI","TORINO",37,3,0,8,0,11,11,0,0,2,5,0,5,6.27,2,7.12,7.42
517,"C","HALLFREDSSON","VERONA HELLAS",29,5,0,2,0,4,4,0,0,0,0,0,0,6.26,0,6.38,6.52
383,"C","FLORENZI","ROMA",29,4,0,6,0,5,5,0,0,0,0,0,3,6.26,0,6.81,6.98
262,"C","MAURI","LAZIO",10,1,0,4,0,2,2,0,0,1,0,0,1,6.25,1,7.1,7.3
457,"C","EL KADDOURI","TORINO",28,5,0,6,0,5,5,0,0,0,0,0,2,6.25,0,6.8,6.98
550,"C","CRISTANTE","MILAN",2,0,0,1,0,1,1,0,0,0,0,0,0,6.25,0,7.75,8.25
710,"C","TAARABT","MILAN",14,3,0,4,0,1,1,0,0,0,0,0,1,6.25,0,7,7.07
320,"C","BEHRAMI","NAPOLI",17,3,0,0,0,0,0,0,0,0,0,1,0,6.24,0,6.03,6.03
11,"C","CIGARINI","ATALANTA",32,7,2,2,0,3,3,0,0,0,0,0,1,6.22,0,6.23,6.33
42,"C","DIAMANTI","BOLOGNA",19,9,0,2,0,2,2,0,0,0,3,0,1,6.21,1,6.76,6.87
366,"C","PAROLO","PARMA",36,9,0,8,0,3,3,0,0,0,0,0,4,6.21,0,6.75,6.83
416,"C","RENAN","SAMPDORIA",11,1,0,2,0,0,0,0,0,0,0,0,0,6.18,1,6.68,6.68
283,"C","LUCI","LIVORNO",22,7,0,1,0,0,0,0,0,0,0,0,0,6.18,0,6.16,6.16
133,"C","AQUILANI","FIORENTINA",31,7,0,5,0,1,1,0,0,0,1,0,0,6.18,0,6.65,6.68
323,"C","CALLEJON","NAPOLI",37,7,0,15,0,5,5,0,0,0,0,0,4,6.16,0,7.28,7.42
261,"C","MATUZALEM","GENOA",20,8,1,0,0,3,3,0,0,0,0,0,0,6.15,0,5.9,6.05
227,"C","MARCHISIO","JUVENTUS",25,5,0,4,0,1,1,0,0,0,0,0,3,6.14,0,6.52,6.56
24,"C","MORALEZ","ATALANTA",32,1,0,5,0,5,5,0,0,0,0,0,3,6.14,0,6.59,6.75
64,"C","CONTI","CAGLIARI",31,12,2,4,0,1,1,0,0,0,0,0,1,6.13,0,6.26,6.29
139,"C","FERNANDEZ M.","FIORENTINA",20,1,0,3,0,1,1,0,0,0,0,0,2,6.13,1,6.55,6.6
344,"C","ACQUAH","PARMA",23,6,0,1,0,1,1,0,0,0,0,0,0,6.13,0,6.13,6.17
348,"C","BIABIANY","PARMA",35,0,0,6,0,4,4,0,0,0,0,0,2,6.13,0,6.64,6.76
584,"C","VARGAS","FIORENTINA",20,2,0,4,0,0,0,0,0,0,0,0,1,6.13,1,6.67,6.67
499,"C","PEREYRA","UDINESE",35,6,0,2,0,5,5,0,0,0,0,0,0,6.1,0,6.19,6.33
450,"C","BELLOMO","TORINO",5,1,0,1,0,0,0,0,0,0,0,0,0,6.1,1,6.6,6.6
421,"C","SORIANO","SAMPDORIA",27,4,1,5,0,1,1,0,0,0,0,0,1,6.09,0,6.54,6.57
287,"C","SCHIATTARELLA","LIVORNO",17,6,0,0,0,2,2,0,0,0,0,0,0,6.09,0,5.91,6.03
500,"C","PINZI","UDINESE",22,11,0,1,0,1,1,0,0,0,0,0,0,6.09,0,5.98,6.02
459,"C","GAZZI","TORINO",6,2,0,0,0,0,0,0,0,0,0,0,0,6.08,0,5.92,5.92
471,"C","VIVES","TORINO",33,13,0,1,0,2,2,0,0,0,0,0,0,6.08,0,5.97,6.03
433,"C","LARIBI","SASSUOLO",6,2,0,0,0,0,0,0,0,0,0,0,0,6.08,0,5.92,5.92
334,"C","INLER","NAPOLI",30,5,0,2,0,1,1,0,0,0,0,0,0,6.08,0,6.2,6.23
356,"C","MARCHIONNI","PARMA",33,9,0,1,0,1,1,0,0,0,0,0,0,6.06,0,6.02,6.05
332,"C","HAMSIK","NAPOLI",27,2,0,7,0,4,4,0,0,1,0,0,2,6.06,0,6.69,6.83
189,"C","CAMBIASSO","INTER",32,4,0,4,0,1,1,0,0,0,0,0,1,6.06,0,6.38,6.41
474,"C","BADU","UDINESE",27,5,0,5,0,1,1,0,0,0,0,0,0,6.06,1,6.52,6.56
523,"C","MARTINHO","VERONA HELLAS",17,0,0,2,0,0,0,0,0,0,0,0,1,6.03,0,6.38,6.38
328,"C","DZEMAILI","NAPOLI",19,4,0,6,0,1,1,0,0,0,0,0,2,6.03,0,6.87,6.92
213,"C","SCHELOTTO","PARMA",23,3,0,5,0,1,1,0,0,0,0,0,0,6.02,1,6.61,6.65
661,"C","FETFATZIDIS","GENOA",29,1,0,2,0,3,3,0,0,0,0,0,1,6.02,0,6.21,6.31
653,"C","KUPISZ","CHIEVO",1,0,0,0,0,0,0,0,0,0,0,0,0,6,0,6,6
676,"C","RICCI","ROMA",1,0,0,0,0,0,0,0,0,0,0,0,0,6,0,6,6
678,"C","MAZZITELLI","ROMA",1,0,0,0,0,0,0,0,0,0,0,0,0,6,0,6,6
742,"C","LOI","CAGLIARI",1,0,0,0,0,0,0,0,0,0,0,0,0,6,0,6,6
760,"C","OLAUSSON","ATALANTA",1,0,0,0,0,0,0,0,0,0,0,0,0,6,0,6,6
735,"C","MINALA","LAZIO",1,0,0,0,0,0,0,0,0,0,0,0,0,6,0,6,6
633,"C","STURARO","GENOA",14,7,0,1,0,2,2,0,0,0,0,0,0,6,0,5.96,6.11
638,"C","MOSQUERA","LIVORNO",3,1,0,0,0,0,0,0,0,0,0,0,0,6,0,5.83,5.83
491,"C","MAICOSUEL","UDINESE",14,0,0,1,0,0,0,0,0,0,0,0,0,6,0,6.21,6.21
214,"C","ZANETTI","INTER",8,0,0,0,0,0,0,0,0,0,0,0,0,6,0,6,6
258,"C","LEDESMA","LAZIO",27,5,1,0,0,1,1,0,0,0,0,0,0,6,0,5.87,5.91
340,"C","RADOSEVIC","NAPOLI",2,1,0,0,0,0,0,0,0,0,0,0,0,6,0,5.75,5.75
375,"C","BRADLEY","ROMA",7,2,0,1,0,0,0,0,0,0,0,0,1,6,0,6.29,6.29
114,"C","IMPROTA","CHIEVO",2,0,0,0,0,0,0,0,0,0,0,0,0,6,0,6,6
122,"C","RIGONI L.","CHIEVO",33,15,0,4,0,1,1,0,0,0,0,0,2,6,0,6.14,6.17
18,"C","GIORGI","ATALANTA",1,0,0,0,0,0,0,0,0,0,0,0,0,6,0,6,6
65,"C","COSSU","CAGLIARI",27,6,0,0,0,0,0,0,0,0,0,0,0,5.98,0,5.87,5.87
84,"C","BARRIENTOS","CATANIA",28,10,0,5,0,4,4,0,0,0,0,0,0,5.98,0,6.34,6.48
143,"C","JOAQUIN","FIORENTINA",25,0,0,2,0,2,2,0,0,0,0,0,2,5.98,0,6.22,6.3
162,"C","BIONDINI","SASSUOLO",30,4,0,2,0,2,2,0,0,0,0,0,0,5.98,1,6.12,6.18
475,"C","BASTA","UDINESE",28,4,0,3,0,1,1,0,0,0,0,0,0,5.98,1,6.23,6.27
484,"C","FERNANDES","UDINESE",23,4,0,5,0,2,2,0,0,0,0,0,0,5.98,1,6.54,6.63
200,"C","KOVACIC","INTER",29,2,0,0,0,3,3,0,0,0,0,0,0,5.97,0,5.93,6.03
365,"C","PALLADINO","PARMA",17,0,0,3,0,0,0,0,0,0,0,0,1,5.97,1,6.5,6.5
388,"C","MARQUINHO","VERONA HELLAS",19,3,0,2,0,1,1,0,0,0,0,0,0,5.97,0,6.21,6.26
259,"C","LULIC","LAZIO",30,10,1,7,0,3,3,0,0,0,0,0,2,5.97,0,6.47,6.57
273,"C","BENASSI","LIVORNO",20,3,1,2,0,2,2,0,0,0,0,0,0,5.97,0,6.15,6.25
326,"C","DONADEL","VERONA HELLAS",18,6,1,1,0,0,0,0,0,0,0,0,1,5.97,0,5.92,5.92
5,"C","BRIENZA","ATALANTA",13,0,0,1,0,0,0,0,0,0,0,0,1,5.96,0,6.19,6.19
195,"C","GUARIN","INTER",30,5,0,4,0,5,5,0,0,0,0,0,0,5.95,0,6.27,6.43
331,"C","GARGANO","PARMA",18,4,0,1,0,1,1,0,0,0,0,0,0,5.94,0,6,6.06
436,"C","MAGNANELLI","SASSUOLO",28,8,1,0,0,2,2,0,0,0,0,0,0,5.93,0,5.75,5.82
9,"C","CARMONA","ATALANTA",30,8,1,2,0,0,0,0,0,0,0,0,1,5.93,0,5.97,5.97
574,"C","GAVAZZI","SAMPDORIA",7,1,0,0,0,0,0,0,0,0,0,0,0,5.93,0,5.86,5.86
224,"C","ISLA","JUVENTUS",13,1,0,0,0,2,2,0,0,0,0,0,0,5.92,0,5.88,6.04
253,"C","GONZALEZ ALV.","LAZIO",20,2,0,1,0,2,2,0,0,0,0,0,0,5.92,1,6.03,6.13
264,"C","ONAZI","LAZIO",22,4,1,1,0,0,0,0,0,0,0,0,0,5.91,0,5.91,5.91
39,"C","CHRISTODOULOPOULOS","BOLOGNA",23,4,0,0,0,1,1,0,0,0,2,0,1,5.91,0,6.09,6.13
89,"C","CASTRO","CATANIA",28,5,0,3,0,1,1,0,0,0,0,0,0,5.91,0,6.14,6.18
94,"C","IZCO","CATANIA",29,3,0,3,0,1,1,0,0,0,0,0,1,5.91,0,6.17,6.21
2,"C","BASELLI","ATALANTA",22,2,0,0,0,0,0,0,0,0,0,0,0,5.91,0,5.86,5.86
156,"C","VECINO","CAGLIARI",11,2,0,2,0,0,0,0,0,0,0,0,0,5.91,0,6.36,6.36
527,"C","SALA","VERONA HELLAS",11,3,0,1,0,3,3,0,0,0,0,0,0,5.91,0,6.05,6.32
684,"C","RINAUDO F","CATANIA",17,6,1,0,0,0,0,0,0,0,0,0,0,5.91,0,5.68,5.68
583,"C","SCULLI","GENOA",10,5,0,0,0,1,1,0,0,0,0,0,0,5.9,0,5.65,5.75
651,"C","PLASIL","CATANIA",26,1,0,1,0,0,0,0,0,0,0,0,1,5.9,0,6,6
489,"C","LAZZARI","UDINESE",22,3,0,0,0,0,0,0,0,0,0,1,0,5.89,0,5.73,5.73
458,"C","FARNERUD","TORINO",18,4,0,3,0,0,0,0,0,0,0,0,1,5.89,0,6.28,6.28
696,"C","BASTOS","ROMA",9,0,0,1,0,0,0,0,0,0,0,0,0,5.89,0,6.22,6.22
173,"C","LODI","CATANIA",27,6,0,2,0,1,1,0,0,0,2,0,0,5.89,0,6.22,6.26
439,"C","MISSIROLI","SASSUOLO",22,4,0,1,0,1,1,0,0,0,0,0,1,5.89,0,5.93,5.98
449,"C","BASHA","TORINO",18,1,1,0,0,0,0,0,0,0,0,0,0,5.89,0,5.81,5.81
112,"C","GUANA","CHIEVO",8,5,0,0,0,0,0,0,0,0,0,0,0,5.88,0,5.56,5.56
81,"C","ALMIRON","CATANIA",12,1,0,1,0,0,0,0,0,0,0,0,0,5.88,1,6.08,6.08
67,"C","DESSENA","CAGLIARI",32,6,1,0,0,0,0,0,0,0,0,0,0,5.88,0,5.75,5.75
514,"C","DONATI","VERONA HELLAS",17,2,0,1,0,1,1,0,0,0,0,0,0,5.88,0,6,6.06
432,"C","KURTIC","TORINO",34,3,0,2,0,3,3,0,0,0,0,0,0,5.87,0,6,6.09
452,"C","BRIGHI","SASSUOLO",18,2,0,2,0,0,0,0,0,0,0,0,1,5.86,0,6.14,6.14
310,"C","POLI","MILAN",21,4,0,2,0,0,0,0,0,0,0,0,0,5.86,0,6.05,6.05
68,"C","EKDAL","CAGLIARI",21,6,0,1,0,0,0,0,0,0,0,0,0,5.86,0,5.86,5.86
298,"C","DE JONG","MILAN",33,9,0,2,0,2,2,0,0,0,0,0,2,5.85,0,5.89,5.95
281,"C","GRECO","LIVORNO",31,13,0,4,0,2,2,0,0,0,0,0,0,5.85,0,6.03,6.1
243,"C","BIGLIA","LAZIO",26,5,1,1,0,1,1,0,0,0,1,0,1,5.85,0,5.94,5.98
288,"C","SILIGARDI","LIVORNO",22,1,0,5,0,1,1,0,0,0,0,0,0,5.84,0,6.5,6.55
371,"C","VALDES","PARMA",6,1,0,0,0,0,0,0,0,0,0,0,0,5.83,0,5.75,5.75
19,"C","KONE M.","ATALANTA",6,1,0,1,0,1,1,0,0,0,0,0,0,5.83,0,6.25,6.42
185,"C","ALVAREZ R.","INTER",27,3,1,4,0,7,7,0,0,0,0,0,0,5.83,0,6.19,6.44
188,"C","BOTTA","INTER",3,1,0,0,0,0,0,0,0,0,0,0,0,5.83,0,5.67,5.67
689,"C","ANDERSON","FIORENTINA",6,0,0,0,0,0,0,0,0,0,0,0,0,5.83,0,5.83,5.83
597,"C","PEREZ","BOLOGNA",22,9,0,0,0,0,0,0,0,0,0,0,0,5.82,0,5.61,5.61
161,"C","BERTOLACCI","GENOA",25,7,0,2,0,0,0,0,0,0,0,0,0,5.82,0,5.92,5.92
23,"C","MIGLIACCIO","ATALANTA",17,5,0,1,0,1,1,0,0,0,0,0,0,5.82,0,5.85,5.91
113,"C","HETEMAJ","CHIEVO",32,11,0,0,0,4,4,0,0,0,0,0,0,5.81,0,5.64,5.77
412,"C","OBIANG","SAMPDORIA",27,7,0,0,0,0,0,0,0,0,0,0,0,5.81,0,5.69,5.69
254,"C","HERNANES","INTER",31,6,1,5,0,1,1,0,0,0,0,0,1,5.81,0,6.16,6.19
473,"C","ALLAN","UDINESE",32,5,1,0,0,0,0,0,0,0,0,0,0,5.8,0,5.69,5.69
655,"C","IBRAIMI","CAGLIARI",19,1,0,1,0,0,0,0,0,0,1,0,0,5.79,1,6.08,6.08
304,"C","MONTOLIVO","MILAN",29,5,1,3,0,0,0,0,0,0,0,0,1,5.79,0,5.98,5.98
104,"C","TACHTSIDIS","TORINO",17,3,1,1,0,0,0,0,0,0,0,0,0,5.79,0,5.82,5.82
69,"C","ERIKSSON","CAGLIARI",17,2,0,0,0,0,0,0,0,0,0,0,0,5.79,0,5.74,5.74
87,"C","BIAGIANTI","LIVORNO",23,4,0,0,0,0,0,0,0,0,0,0,0,5.78,0,5.7,5.7
518,"C","JANKOVIC","VERONA HELLAS",16,5,1,2,0,0,0,0,0,0,0,0,1,5.78,0,5.94,5.94
95,"C","KEKO","CATANIA",15,3,0,0,0,1,1,0,0,0,0,0,0,5.77,0,5.67,5.73
172,"C","KUCKA","GENOA",10,2,0,2,0,0,0,0,0,0,0,0,1,5.75,0,6.25,6.25
157,"C","WOLSKI","FIORENTINA",8,2,0,1,0,0,0,0,0,0,0,0,0,5.75,0,6,6
129,"C","STOIAN","CHIEVO",10,2,0,0,0,0,0,0,0,0,0,0,0,5.75,0,5.65,5.65
408,"C","GENTSOGLOU","SAMPDORIA",4,1,0,0,0,0,0,0,0,0,0,0,0,5.75,0,5.63,5.63
350,"C","CHIBSAH","SASSUOLO",16,0,0,0,0,0,0,0,0,0,0,0,0,5.75,0,5.75,5.75
506,"C","ZIELINSKI","UDINESE",2,0,0,0,0,0,0,0,0,0,0,0,0,5.75,0,5.75,5.75
545,"C","BENTIVOGLIO","CHIEVO",16,3,0,1,0,0,0,0,0,0,0,0,0,5.75,0,5.84,5.84
683,"C","CABRAL","GENOA",6,1,0,0,0,1,1,0,0,0,0,0,0,5.75,0,5.67,5.83
640,"C","ESTIGARRIBIA","ATALANTA",25,5,0,1,0,2,2,0,0,0,0,0,0,5.74,0,5.76,5.84
142,"C","ILICIC","FIORENTINA",19,1,0,3,0,1,1,0,0,0,0,0,1,5.74,0,6.18,6.24
650,"C","BJARNASON","SAMPDORIA",11,1,0,0,0,1,1,0,0,0,0,0,0,5.73,0,5.68,5.77
646,"C","KAKA'","MILAN",29,2,0,7,0,1,1,0,0,0,0,0,1,5.72,0,6.41,6.45
409,"C","KRSTICIC","SAMPDORIA",32,6,1,1,0,0,0,0,0,0,0,0,0,5.72,0,5.69,5.69
251,"C","FELIPE ANDERSON","LAZIO",9,0,0,0,0,0,0,0,0,0,0,0,0,5.72,0,5.72,5.72
305,"C","MUNTARI","MILAN",24,6,1,5,0,2,2,0,0,0,0,0,0,5.71,1,6.17,6.25
164,"C","COFIE","GENOA",14,5,0,1,0,0,0,0,0,0,0,0,0,5.71,0,5.75,5.75
180,"C","SANTANA","GENOA",5,0,0,0,0,0,0,0,0,0,0,0,0,5.7,0,5.7,5.7
121,"C","RADOVANOVIC","CHIEVO",30,5,0,0,0,0,0,0,0,0,0,0,0,5.7,0,5.62,5.62
97,"C","LETO","CATANIA",25,2,0,3,0,2,2,0,0,0,0,0,0,5.7,0,6.02,6.1
228,"C","MARRONE","SASSUOLO",15,3,0,0,0,2,2,0,0,0,0,0,0,5.7,0,5.6,5.73
231,"C","PADOIN","JUVENTUS",8,1,0,1,0,0,0,0,0,0,0,0,1,5.69,0,6,6
202,"C","LAXALT","BOLOGNA",13,0,0,2,0,0,0,0,0,0,0,0,0,5.69,0,6.15,6.15
512,"C","CIRIGLIANO","VERONA HELLAS",11,2,0,0,0,0,0,0,0,0,0,0,0,5.68,0,5.59,5.59
697,"C","ADRYAN","CAGLIARI",3,0,0,0,0,0,0,0,0,0,0,0,0,5.67,0,5.67,5.67
201,"C","KUZMANOVIC","INTER",13,2,0,0,0,0,0,0,0,0,0,0,0,5.65,0,5.58,5.58
45,"C","KRHIN","BOLOGNA",25,4,0,0,0,0,0,0,0,0,0,0,0,5.64,0,5.56,5.56
44,"C","KONE P.","BOLOGNA",27,12,1,5,0,1,1,0,0,0,0,0,0,5.63,1,5.93,5.96
194,"C","DUNCAN","LIVORNO",26,6,0,0,0,0,0,0,0,0,0,0,0,5.63,0,5.52,5.52
422,"C","WSZOLEK","SAMPDORIA",16,3,0,1,0,0,0,0,0,0,0,0,0,5.63,0,5.72,5.72
703,"C","YEBDA","UDINESE",4,1,0,0,0,0,0,0,0,0,0,0,0,5.63,0,5.5,5.5
644,"C","GUARENTE","CHIEVO",20,3,1,0,0,1,1,0,0,0,0,0,0,5.6,0,5.47,5.53
250,"C","EDERSON","LAZIO",10,0,0,1,0,1,1,0,0,0,0,0,0,5.6,0,5.9,6
49,"C","PAZIENZA","BOLOGNA",20,7,0,1,0,0,0,0,0,0,0,0,0,5.55,0,5.53,5.53
126,"C","SESTU","SAMPDORIA",12,3,0,0,0,1,1,0,0,0,0,0,0,5.54,0,5.42,5.5
10,"C","CAZZOLA","ATALANTA",4,0,1,0,0,0,0,0,0,0,0,0,0,5.5,0,5.25,5.25
208,"C","OBI","PARMA",4,2,0,0,0,0,0,0,0,0,0,0,0,5.5,0,5.25,5.25
272,"C","BELINGHERI","LIVORNO",3,0,0,0,0,0,0,0,0,0,0,0,0,5.5,0,5.5,5.5
361,"C","MUNARI","PARMA",6,1,1,0,0,0,0,0,0,0,0,0,0,5.5,0,5.25,5.25
521,"C","LANER","VERONA HELLAS",1,0,0,0,0,0,0,0,0,0,0,0,0,5.5,0,5.5,5.5
55,"C","TAIDER","INTER",16,4,0,1,0,0,0,0,0,0,0,0,0,5.47,0,5.53,5.53
62,"C","CABRERA","CAGLIARI",13,1,0,1,0,0,0,0,0,0,0,0,1,5.46,0,5.65,5.65
301,"C","EMANUELSON","MILAN",20,1,0,0,0,2,2,0,0,0,0,0,0,5.45,0,5.42,5.53
654,"C","CENTURION","GENOA",9,0,0,0,0,0,0,0,0,0,0,0,0,5.44,0,5.44,5.44
698,"C","ESSIEN","MILAN",6,1,0,0,0,0,0,0,0,0,0,0,0,5.42,0,5.33,5.33
41,"C","DELLA ROCCA","BOLOGNA",8,4,0,0,0,0,0,0,0,0,0,0,0,5.38,0,5.13,5.13
163,"C","BIRSA","MILAN",13,0,0,2,0,0,0,0,0,0,0,0,2,5.38,0,5.85,5.85
307,"C","NOCERINO","MILAN",7,0,0,0,0,0,0,0,0,0,0,0,0,5.36,0,5.36,5.36
679,"C","HONDA","MILAN",14,2,0,1,0,1,1,0,0,0,0,0,1,5.36,0,5.5,5.57
663,"C","BARILLA'","SAMPDORIA",3,0,1,0,0,0,0,0,0,0,0,0,0,5.33,0,5,5
312,"C","SAPONARA","MILAN",5,0,0,0,0,0,0,0,0,0,0,0,0,5.3,0,5.3,5.3
158,"C","YAKOVENKO","FIORENTINA",2,0,0,0,0,0,0,0,0,0,0,0,0,5.25,0,5.25,5.25
539,"C","BAKIC","FIORENTINA",2,0,0,0,0,0,0,0,0,0,0,0,0,5.25,0,5.25,5.25
708,"C","FRIBERG","BOLOGNA",6,1,0,0,0,0,0,0,0,0,0,0,0,5.08,0,5,5
724,"C","IBSON","BOLOGNA",8,1,0,0,0,0,0,0,0,0,0,0,0,5,0,4.94,4.94
206,"C","MUDINGAYI","INTER",1,0,0,0,0,0,0,0,0,0,0,0,0,5,0,5,5
404,"C","ERAMO","SAMPDORIA",1,1,0,0,0,0,0,0,0,0,0,0,0,5,0,4.5,4.5
373,"D","BENATIA","ROMA",33,8,0,5,0,0,0,0,0,0,0,0,2,6.55,0,6.88,6.88
343,"D","ZUNIGA","NAPOLI",5,0,0,0,0,0,0,0,0,0,0,0,0,6.4,0,6.4,6.4
186,"D","ANDREOLLI","INTER",3,1,0,1,0,0,0,0,0,0,0,0,0,6.33,0,7.17,7.17
709,"D","HENRIQUE","NAPOLI",9,2,0,1,0,0,0,0,0,0,0,0,1,6.33,0,6.56,6.56
378,"D","CASTAN","ROMA",36,7,1,0,0,0,0,0,0,0,0,0,0,6.32,0,6.19,6.19
372,"D","BALZARETTI","ROMA",11,1,1,1,0,0,0,0,0,0,0,0,1,6.32,0,6.45,6.45
387,"D","MAICON","ROMA",28,4,1,2,0,0,0,0,0,0,0,0,0,6.32,0,6.43,6.43
216,"D","BARZAGLI","JUVENTUS",26,3,0,0,0,0,0,0,0,0,0,1,0,6.29,0,6.15,6.15
218,"D","BONUCCI","JUVENTUS",28,7,0,2,0,3,3,0,0,0,0,0,0,6.25,0,6.34,6.45
232,"D","PELUSO","JUVENTUS",4,2,0,1,0,1,1,0,0,0,0,0,0,6.25,0,6.75,7
242,"D","BIAVA","LAZIO",19,2,0,1,0,0,0,0,0,0,0,0,0,6.24,0,6.34,6.34
221,"D","CHIELLINI","JUVENTUS",31,5,0,3,0,1,1,0,0,0,0,0,2,6.21,0,6.42,6.45
717,"D","TOLOI","ROMA",5,1,0,0,0,0,0,0,0,0,0,0,0,6.2,0,6.1,6.1
396,"D","TOROSIDIS","ROMA",16,1,0,1,0,0,0,0,0,0,0,0,1,6.19,0,6.34,6.34
225,"D","LICHTSTEINER","JUVENTUS",27,4,0,2,0,8,8,0,0,0,0,0,0,6.19,0,6.33,6.63
451,"D","BOVO","TORINO",19,8,0,0,0,0,0,0,0,0,0,0,0,6.18,0,5.97,5.97
321,"D","BRITOS","NAPOLI",15,7,0,1,0,0,0,0,0,0,0,0,0,6.17,0,6.13,6.13
211,"D","RANOCCHIA","INTER",24,8,0,1,0,0,0,0,0,0,0,0,0,6.17,0,6.13,6.13
178,"D","PORTANOVA","GENOA",21,5,1,1,0,0,0,0,0,0,0,0,1,6.17,0,6.14,6.14
220,"D","CACERES","JUVENTUS",16,1,0,0,0,0,0,0,0,0,0,1,0,6.16,0,6,6
150,"D","RODRIGUEZ GO.","FIORENTINA",33,11,0,2,0,1,1,0,0,0,2,0,2,6.15,0,6.35,6.38
364,"D","PALETTA","PARMA",18,5,1,0,0,0,0,0,0,0,0,0,0,6.14,0,5.94,5.94
461,"D","GLIK","TORINO",34,12,0,2,0,0,0,0,0,0,0,0,1,6.13,0,6.13,6.13
135,"D","CASSANI","PARMA",36,11,0,0,0,3,3,0,0,0,0,0,0,6.11,0,5.96,6.04
31,"D","YEPES","ATALANTA",23,8,0,0,0,0,0,0,0,0,0,0,0,6.11,0,5.93,5.93
468,"D","MORETTI","TORINO",36,4,0,1,0,0,0,0,0,0,0,0,0,6.1,0,6.13,6.13
680,"D","RAMI","MILAN",17,3,0,3,0,1,1,0,0,0,0,0,0,6.09,1,6.53,6.59
3,"D","BELLINI","ATALANTA",6,0,0,0,0,0,0,0,0,0,0,1,0,6.08,0,5.75,5.75
455,"D","DARMIAN","TORINO",37,6,0,0,0,2,2,0,0,0,0,0,0,6.07,0,5.99,6.04
354,"D","LUCARELLI","PARMA",34,14,1,4,0,0,0,0,0,0,0,0,2,6.07,2,6.19,6.19
706,"D","MOLINARO","PARMA",14,3,0,2,0,1,1,0,0,0,0,0,1,6.07,0,6.39,6.46
454,"D","D'AMBROSIO","INTER",24,2,0,2,0,0,0,0,0,0,0,0,0,6.04,0,6.25,6.25
59,"D","ASTORI","CAGLIARI",34,6,0,0,0,1,1,0,0,0,0,0,0,6.03,0,5.94,5.97
592,"D","ROLANDO","INTER",29,4,0,4,0,0,0,0,0,0,0,0,1,6.03,1,6.38,6.38
593,"D","WALLACE","INTER",1,0,0,0,0,0,0,0,0,0,0,0,0,6,0,6,6
714,"D","GHOULAM","NAPOLI",14,1,1,0,0,1,1,0,0,0,0,0,0,6,0,5.89,5.96
723,"D","BASTRINI","CAGLIARI",1,0,0,0,0,0,0,0,0,0,0,0,0,6,0,6,6
759,"D","CALDARA","ATALANTA",1,0,0,0,0,0,0,0,0,0,0,0,0,6,0,6,6
141,"D","HEGAZY","FIORENTINA",1,0,0,0,0,0,0,0,0,0,0,0,0,6,0,6,6
190,"D","CAMPAGNARO","INTER",20,4,0,0,0,1,1,0,0,0,0,0,0,6,0,5.9,5.95
470,"D","RODRIGUEZ GU.","TORINO",5,0,0,0,0,0,0,0,0,0,0,0,0,6,0,6,6
382,"D","DODO","ROMA",17,2,0,0,0,0,0,0,0,0,0,0,0,6,0,5.94,5.94
384,"D","JEDVAJ","ROMA",1,1,0,0,0,0,0,0,0,0,0,0,0,6,0,5.5,5.5
391,"D","ROMAGNOLI","ROMA",10,4,0,0,0,0,0,0,0,0,0,0,0,6,0,5.8,5.8
338,"D","MESTO","NAPOLI",9,1,0,0,0,0,0,0,0,0,0,0,0,6,0,5.94,5.94
319,"D","ARMERO","NAPOLI",10,1,0,0,0,0,0,0,0,0,0,0,0,6,0,5.95,5.95
313,"D","SILVESTRE","MILAN",4,2,0,1,0,0,0,0,0,0,0,0,0,6,0,6.5,6.5
402,"D","DE SILVESTRI","SAMPDORIA",35,6,0,1,0,1,1,0,0,0,0,0,0,5.99,0,5.99,6.01
198,"D","JONATHAN","INTER",31,2,0,3,0,4,4,0,0,0,0,0,1,5.98,1,6.24,6.37
15,"D","DEL GROSSO","ATALANTA",18,4,0,0,0,0,0,0,0,0,0,0,0,5.97,0,5.86,5.86
27,"D","RAIMONDI","ATALANTA",27,6,0,0,0,2,2,0,0,0,0,0,0,5.96,0,5.85,5.93
230,"D","OGBONNA","JUVENTUS",14,3,1,0,0,0,0,0,0,0,0,0,0,5.96,0,5.79,5.79
293,"D","ANTONINI","GENOA",26,2,0,2,0,0,0,0,0,0,0,0,1,5.96,0,6.15,6.15
413,"D","PALOMBO","SAMPDORIA",32,4,0,1,0,1,1,0,0,0,0,0,0,5.95,0,5.98,6.02
358,"D","MESBAH","LIVORNO",16,6,0,2,0,1,1,0,0,0,0,0,0,5.94,0,6.13,6.19
266,"D","PEREIRINHA","LAZIO",9,4,0,0,0,1,1,0,0,0,0,0,0,5.94,0,5.72,5.83
318,"D","ALBIOL","NAPOLI",31,5,0,1,0,1,1,0,0,0,0,0,0,5.94,1,5.95,5.98
329,"D","FERNANDEZ F.","NAPOLI",26,5,1,0,0,1,1,0,0,0,0,1,0,5.94,0,5.73,5.77
136,"D","COMPPER","FIORENTINA",8,3,0,0,0,0,0,0,0,0,0,0,0,5.94,0,5.75,5.75
175,"D","MARCHESE","GENOA",27,1,0,0,0,2,2,0,0,0,0,0,0,5.94,0,5.93,6
212,"D","SAMUEL","INTER",14,9,0,2,0,0,0,0,0,0,0,0,1,5.93,0,6.04,6.04
347,"D","BENALOUANE","ATALANTA",21,7,0,0,0,1,1,0,0,0,0,1,0,5.93,0,5.67,5.71
466,"D","MASIELLO","TORINO",7,1,0,0,0,0,0,0,0,0,0,0,0,5.93,0,5.86,5.86
353,"D","GOBBI","PARMA",26,6,0,1,0,1,1,0,0,0,0,0,0,5.92,1,5.92,5.96
155,"D","TOMOVIC","FIORENTINA",25,5,0,0,0,1,1,0,0,0,0,0,0,5.92,0,5.82,5.86
505,"D","WIDMER","UDINESE",13,2,0,0,0,0,0,0,0,0,0,0,0,5.92,0,5.85,5.85
29,"D","STENDARDO","ATALANTA",28,8,0,2,0,0,0,0,0,0,0,0,1,5.91,0,5.98,5.98
28,"D","SCALONI","ATALANTA",5,0,0,0,0,1,1,0,0,0,0,0,0,5.9,0,5.9,6.1
184,"D","VRSALJKO","GENOA",21,1,0,0,0,1,1,0,0,0,0,0,0,5.9,0,5.88,5.93
324,"D","CANNAVARO","SASSUOLO",20,3,2,0,0,0,0,0,0,0,0,1,0,5.9,0,5.63,5.63
154,"D","SAVIC","FIORENTINA",31,5,0,0,0,0,0,0,0,0,0,0,0,5.89,0,5.81,5.81
6,"D","BRIVIO","ATALANTA",22,0,1,3,0,0,0,0,0,0,0,0,0,5.89,0,6.25,6.25
148,"D","PASQUAL","FIORENTINA",25,4,0,0,0,4,4,0,0,0,0,0,0,5.88,0,5.8,5.96
330,"D","GAMBERINI","GENOA",8,1,0,0,0,0,0,0,0,0,0,0,0,5.88,0,5.81,5.81
267,"D","RADU","LAZIO",25,10,0,1,0,0,0,0,0,0,0,0,0,5.88,0,5.8,5.8
483,"D","DOMIZZI","UDINESE",26,9,0,0,0,0,0,0,0,0,0,0,0,5.88,0,5.71,5.71
660,"D","RUBIN","CHIEVO",8,1,0,0,0,1,1,0,0,0,0,0,0,5.88,0,5.81,5.94
718,"D","PILLUD","VERONA HELLAS",4,0,0,0,0,0,0,0,0,0,0,0,0,5.88,0,5.88,5.88
486,"D","HEURTAUX","UDINESE",31,8,0,3,0,0,0,0,0,0,0,0,3,5.87,0,6.03,6.03
546,"D","MBAYE","LIVORNO",23,6,1,2,0,1,1,0,0,0,0,0,0,5.87,0,5.96,6
279,"D","EMERSON","LIVORNO",30,7,0,2,0,0,0,0,0,0,0,0,0,5.87,0,5.95,5.95
207,"D","NAGATOMO","INTER",34,3,0,5,0,5,5,0,0,0,0,0,1,5.87,1,6.26,6.41
108,"D","DAINELLI","CHIEVO",26,6,0,2,0,1,1,0,0,0,0,0,1,5.87,0,5.98,6.02
111,"D","FREY","CHIEVO",31,8,0,0,0,1,1,0,0,0,0,0,0,5.87,0,5.74,5.77
275,"D","CECCHERINI","LIVORNO",32,3,1,0,0,0,0,0,0,0,0,1,0,5.86,0,5.72,5.72
465,"D","MAKSIMOVIC","TORINO",21,6,0,0,0,1,1,0,0,0,0,0,0,5.86,0,5.71,5.76
411,"D","MUSTAFI","SAMPDORIA",33,7,1,1,0,1,1,0,0,0,0,1,1,5.86,0,5.76,5.79
481,"D","DANILO","UDINESE",36,8,0,1,0,0,0,0,0,0,0,0,1,5.86,0,5.83,5.83
522,"D","MAIETTA","VERONA HELLAS",24,4,0,0,0,0,0,0,0,0,0,0,0,5.85,0,5.77,5.77
256,"D","KONKO","LAZIO",20,1,0,0,0,2,2,0,0,0,0,1,0,5.85,0,5.72,5.83
248,"D","CIANI","LAZIO",17,6,0,1,0,0,0,0,0,0,0,1,0,5.85,0,5.74,5.74
21,"D","LUCCHINI","ATALANTA",17,5,0,1,0,0,0,0,0,0,0,0,0,5.85,0,5.88,5.88
75,"D","PERICO","CAGLIARI",16,2,0,0,0,0,0,0,0,0,0,0,0,5.84,0,5.78,5.78
376,"D","BURDISSO","GENOA",19,7,0,0,0,0,0,0,0,0,0,0,0,5.84,0,5.66,5.66
426,"D","ANTEI","SASSUOLO",22,7,1,0,0,1,1,0,0,0,0,0,0,5.84,0,5.64,5.68
78,"D","ROSSETTINI","CAGLIARI",36,10,0,0,0,0,0,0,0,0,0,0,0,5.83,0,5.69,5.69
160,"D","ANTONELLI","GENOA",30,4,0,3,0,1,1,0,0,0,0,0,3,5.83,0,6.07,6.1
508,"D","ALBERTAZZI","VERONA HELLAS",15,1,2,0,0,0,0,0,0,0,0,0,0,5.83,0,5.67,5.67
509,"D","BIANCHETTI","VERONA HELLAS",3,1,0,0,0,0,0,0,0,0,0,0,0,5.83,0,5.67,5.67
77,"D","PISANO","CAGLIARI",22,5,0,0,0,3,3,0,0,0,0,0,0,5.82,0,5.7,5.84
93,"D","GYOMBER","CATANIA",18,2,0,1,0,0,0,0,0,0,0,0,0,5.81,0,5.92,5.92
152,"D","RONCAGLIA","FIORENTINA",13,4,0,0,0,0,0,0,0,0,0,0,0,5.81,0,5.65,5.65
510,"D","CACCIATORE","VERONA HELLAS",32,6,0,3,0,0,0,0,0,0,0,1,0,5.81,0,5.94,5.94
88,"D","CAPUANO","CATANIA",5,1,0,0,0,0,0,0,0,0,0,0,0,5.8,0,5.7,5.7
222,"D","DE CEGLIE","GENOA",15,1,0,1,0,0,0,0,0,0,0,0,0,5.8,0,5.97,5.97
435,"D","LONGHI","SASSUOLO",28,2,0,1,0,2,2,0,0,0,0,1,0,5.8,0,5.8,5.88
336,"D","MAGGIO","NAPOLI",22,3,1,0,0,2,2,0,0,0,0,0,0,5.8,0,5.68,5.77
351,"D","FELIPE","PARMA",21,5,1,0,0,0,0,0,0,0,0,0,0,5.79,0,5.62,5.62
415,"D","REGINI","SAMPDORIA",28,6,1,0,0,4,4,0,0,0,0,0,0,5.79,0,5.64,5.79
407,"D","GASTALDELLO","SAMPDORIA",31,8,1,2,0,0,0,0,0,0,0,0,1,5.79,0,5.82,5.82
165,"D","DE MAIO","GENOA",19,6,0,2,0,0,0,0,0,0,0,0,0,5.79,1,5.95,5.95
71,"D","MURRU","CAGLIARI",21,3,1,0,0,1,1,0,0,0,0,0,0,5.79,0,5.67,5.71
524,"D","MORAS","VERONA HELLAS",29,2,1,0,0,1,1,0,0,0,0,1,0,5.79,0,5.66,5.69
567,"D","MOTTA","GENOA",12,2,0,0,0,0,0,0,0,0,0,0,0,5.79,0,5.71,5.71
102,"D","ROLIN","CATANIA",23,5,0,0,0,0,0,0,0,0,0,0,0,5.78,0,5.67,5.67
38,"D","CHERUBIN","BOLOGNA",15,4,0,1,0,0,0,0,0,0,0,0,0,5.77,0,5.83,5.83
496,"D","PASQUALE","TORINO",11,1,0,0,0,0,0,0,0,0,0,0,0,5.77,0,5.73,5.73
103,"D","SPOLLI","CATANIA",21,6,0,1,0,0,0,0,0,0,0,0,1,5.76,0,5.76,5.76
199,"D","JUAN JESUS","INTER",27,6,0,0,0,0,0,0,0,0,0,0,0,5.76,0,5.65,5.65
400,"D","COSTA","SAMPDORIA",19,8,1,0,0,1,1,0,0,0,0,0,0,5.76,0,5.5,5.55
290,"D","ABATE","MILAN",17,1,0,1,0,0,0,0,0,0,0,0,0,5.76,1,5.91,5.91
368,"D","ROSI","SASSUOLO",14,5,1,2,0,0,0,0,0,0,0,0,1,5.75,0,5.93,5.93
245,"D","CANA","LAZIO",24,7,1,2,0,1,1,0,0,0,0,0,1,5.75,1,5.81,5.85
60,"D","AVELAR","CAGLIARI",20,3,1,0,0,0,0,0,0,0,0,0,0,5.75,0,5.63,5.63
485,"D","GABRIEL SILVA","UDINESE",29,3,1,1,0,1,1,0,0,0,0,0,1,5.74,0,5.76,5.79
507,"D","AGOSTINI","VERONA HELLAS",23,1,0,0,0,0,0,0,0,0,0,0,0,5.74,0,5.72,5.72
110,"D","DRAME","CHIEVO",26,4,0,0,0,1,1,0,0,0,0,0,0,5.73,0,5.65,5.69
423,"D","ACERBI","SASSUOLO",13,0,0,0,0,0,0,0,0,0,0,0,0,5.73,0,5.73,5.73
249,"D","DIAS","LAZIO",16,1,1,1,0,0,0,0,0,0,0,0,0,5.72,0,5.81,5.81
96,"D","LEGROTTAGLIE","CATANIA",16,3,1,0,0,0,0,0,0,0,0,1,0,5.72,0,5.44,5.44
174,"D","MANFREDINI","SASSUOLO",18,7,2,0,0,0,0,0,0,0,0,1,0,5.72,0,5.31,5.31
662,"D","BIRAGHI","CATANIA",21,3,0,0,0,1,1,0,0,0,0,0,0,5.71,0,5.64,5.69
594,"D","PERUZZI","CATANIA",20,7,1,1,0,0,0,0,0,0,0,0,0,5.7,0,5.63,5.63
58,"D","ARIAUDO","SASSUOLO",15,5,0,0,0,0,0,0,0,0,0,0,0,5.7,0,5.53,5.53
247,"D","CAVANDA","LAZIO",16,3,0,1,0,0,0,0,0,0,0,0,0,5.69,0,5.78,5.78
316,"D","ZACCARDO","MILAN",8,1,0,0,0,0,0,0,0,0,0,0,0,5.69,0,5.63,5.63
643,"D","MARQUES","VERONA HELLAS",16,2,0,0,0,0,0,0,0,0,0,0,0,5.69,0,5.63,5.63
48,"D","NATALI","BOLOGNA",31,2,1,1,0,0,0,0,0,0,0,0,0,5.68,0,5.71,5.71
82,"D","ALVAREZ P.","CATANIA",17,6,0,0,0,0,0,0,0,0,0,0,0,5.68,0,5.5,5.5
107,"D","CESAR","CHIEVO",31,12,1,1,0,0,0,0,0,0,0,0,0,5.68,0,5.55,5.55
296,"D","BONERA","MILAN",15,6,0,0,0,0,0,0,0,0,0,0,0,5.67,0,5.47,5.47
445,"D","TERRANOVA","SASSUOLO",3,0,0,0,0,0,0,0,0,0,0,0,0,5.67,0,5.67,5.67
648,"D","DOUGLAS SANTOS","UDINESE",3,0,0,0,0,0,0,0,0,0,0,0,0,5.67,0,5.67,5.67
495,"D","NALDO","UDINESE",15,2,0,0,0,0,0,0,0,0,0,0,0,5.67,0,5.6,5.6
429,"D","BIANCO","SASSUOLO",16,4,0,0,0,0,0,0,0,0,0,0,0,5.66,0,5.53,5.53
431,"D","GAZZOLA","SASSUOLO",25,8,0,0,0,1,1,0,0,0,0,0,0,5.66,0,5.5,5.54
43,"D","GARICS","BOLOGNA",34,7,0,1,0,2,2,0,0,0,0,0,1,5.65,0,5.63,5.69
559,"D","FORNASIER","SAMPDORIA",7,0,0,0,0,0,0,0,0,0,0,0,0,5.64,0,5.64,5.64
125,"D","SARDO","CHIEVO",28,6,0,1,0,2,2,0,0,0,0,1,0,5.63,0,5.55,5.63
36,"D","ANTONSSON","BOLOGNA",34,3,0,0,0,0,0,0,0,0,0,0,0,5.62,0,5.57,5.57
286,"D","PICCINI","LIVORNO",17,2,0,0,0,0,0,0,0,0,0,0,0,5.62,0,5.56,5.56
515,"D","GONZALEZ ALE.","VERONA HELLAS",13,2,0,0,0,0,0,0,0,0,0,0,0,5.62,0,5.54,5.54
639,"D","MANTOVANI","BOLOGNA",19,6,0,0,0,0,0,0,0,0,0,0,0,5.61,0,5.45,5.45
280,"D","GEMITI","LIVORNO",9,1,0,0,0,0,0,0,0,0,0,0,0,5.61,0,5.56,5.56
85,"D","BELLUSCI","CATANIA",19,3,2,0,0,0,0,0,0,0,0,0,0,5.61,0,5.42,5.42
641,"D","RINAUDO","LIVORNO",17,6,0,1,0,0,0,0,0,0,0,0,0,5.59,0,5.59,5.59
480,"D","CODA","LIVORNO",23,10,0,0,0,0,0,0,0,0,0,0,0,5.59,0,5.37,5.37
596,"D","CLAITON","CHIEVO",6,0,0,0,0,0,0,0,0,0,0,0,0,5.58,0,5.58,5.58
671,"D","REVEILLERE","NAPOLI",13,1,0,0,0,0,0,0,0,0,0,0,0,5.58,0,5.54,5.54
289,"D","VALENTINI","LIVORNO",15,1,0,0,0,0,0,0,0,0,0,0,0,5.57,0,5.53,5.53
437,"D","MARZORATI","SASSUOLO",7,1,0,1,0,0,0,0,0,0,0,0,0,5.57,0,5.93,5.93
478,"D","BUBNJIC","UDINESE",7,0,0,0,0,0,0,0,0,0,0,0,0,5.57,0,5.57,5.57
603,"D","CECH","BOLOGNA",9,0,0,0,0,1,1,0,0,0,0,0,0,5.56,0,5.56,5.67
46,"D","MORLEO","BOLOGNA",31,7,0,1,0,0,0,0,0,0,0,0,0,5.55,0,5.53,5.53
7,"D","CANINI","CHIEVO",13,4,0,0,0,0,0,0,0,0,0,0,0,5.54,0,5.38,5.38
303,"D","MEXES","MILAN",22,5,2,2,0,0,0,0,0,0,0,0,2,5.52,0,5.59,5.59
299,"D","DE SCIGLIO","MILAN",15,4,1,0,0,0,0,0,0,0,0,0,0,5.5,0,5.3,5.3
282,"D","LAMBRUGHI","LIVORNO",2,0,0,0,0,0,0,0,0,0,0,0,0,5.5,0,5.5,5.5
263,"D","NOVARETTI","LAZIO",10,1,1,0,0,1,1,0,0,0,0,0,0,5.5,0,5.35,5.45
398,"D","BERARDI G.","SAMPDORIA",4,2,0,0,0,0,0,0,0,0,0,0,0,5.5,0,5.25,5.25
25,"D","NICA","ATALANTA",4,1,1,0,0,0,0,0,0,0,0,0,0,5.5,0,5.13,5.13
66,"D","DEL FABRO","CAGLIARI",3,0,0,0,0,0,0,0,0,0,0,0,0,5.5,0,5.5,5.5
131,"D","ALONSO","FIORENTINA",2,0,0,0,0,0,0,0,0,0,0,0,0,5.5,0,5.5,5.5
179,"D","SAMPIRISI","GENOA",3,0,1,0,0,0,0,0,0,0,0,0,0,5.5,0,5.17,5.17
570,"D","UVINI","NAPOLI",1,0,0,0,0,0,0,0,0,0,0,0,0,5.5,0,5.5,5.5
711,"D","DIAKITE","FIORENTINA",9,2,1,0,0,0,0,0,0,0,0,0,0,5.5,0,5.28,5.28
728,"D","VESOVIC","TORINO",2,0,0,0,0,0,0,0,0,0,0,0,0,5.5,0,5.5,5.5
607,"D","ZIEGLER","SASSUOLO",15,3,0,0,0,0,0,0,0,0,0,0,0,5.47,0,5.37,5.37
399,"D","CASTELLINI","LIVORNO",13,4,0,0,0,0,0,0,0,0,0,0,0,5.46,0,5.31,5.31
274,"D","BERNARDINI","CHIEVO",10,0,0,0,0,0,0,0,0,0,0,1,0,5.45,0,5.25,5.25
297,"D","CONSTANT","MILAN",20,5,0,0,0,1,1,0,0,0,0,0,0,5.45,0,5.33,5.38
537,"D","CRESPO","BOLOGNA",8,0,0,1,0,0,0,0,0,0,0,0,1,5.44,0,5.81,5.81
317,"D","ZAPATA","MILAN",20,3,0,1,0,0,0,0,0,0,0,0,0,5.42,0,5.5,5.5
53,"D","SORENSEN","BOLOGNA",13,1,1,0,0,0,0,0,0,0,0,0,0,5.42,0,5.31,5.31
357,"D","MENDES","SASSUOLO",15,5,0,0,0,0,0,0,0,0,0,0,0,5.37,0,5.2,5.2
101,"D","MONZON","CATANIA",18,2,0,2,0,0,0,0,0,0,0,0,0,5.36,0,5.64,5.64
117,"D","PAMIC","CHIEVO",3,0,0,0,0,0,0,0,0,0,0,0,0,5.33,0,5.33,5.33
118,"D","PAPP","CHIEVO",5,1,0,0,0,0,0,0,0,0,0,0,0,5.3,0,5.2,5.2
210,"D","PEREIRA","INTER",4,2,0,0,0,0,0,0,0,0,0,0,0,5.25,0,5,5
444,"D","ROSSINI","PARMA",5,1,0,0,0,0,0,0,0,0,0,0,0,5.2,0,5.1,5.1
419,"D","SALAMON","SAMPDORIA",1,0,0,0,0,0,0,0,0,0,0,0,0,5,0,5,5
74,"D","OIKONOMOU","CAGLIARI",1,0,0,0,0,0,0,0,0,0,0,0,0,5,0,5,5
659,"D","PUCINO","SASSUOLO",3,0,0,0,0,0,0,0,0,0,0,1,0,5,0,4.33,4.33
