STATISTICHE UFFICIALI 2013/2014,,,,,,,,,,,,,,,,,,,,
Solo su WWW.FANTAGAZZETTA.COMi voti alle prime luci dell'alba,,,,,,,,,,,,,,,,,,,,
,,,,,,,,,,,,,,,,,,,,
Codice,Ruolo,Calciatore,Squadra,P,Amm,Esp,Gf,Gs,assist,As,Af,Rp,R-,R+,Aut,Gv,Media Voto,Gp,FantaMedia,FantaMedia+
54,P,STOJANOVIC,BOLOGNA,1,0,0,0,1,0,0,0,0,0,0,0,0,6.5,0,5.5,5.5
392,P,SKORUPSKI,ROMA,2,0,0,0,2,0,0,0,0,0,0,0,0,6.5,0,5.5,5.5
611,P,SPORTIELLO,ATALANTA,3,0,0,0,3,0,0,0,0,0,0,0,0,6.5,0,5.5,5.5
652,P,ANANIA,LIVORNO,3,0,0,0,8,0,0,0,1,0,0,0,0,6.5,0,4.83,4.83
238,P,STORARI,JUVENTUS,6,0,0,0,3,0,0,0,0,0,0,0,0,6.42,0,5.92,5.92
176,P,PERIN,GENOA,37,3,0,0,50,0,0,0,2,0,0,0,0,6.39,0,5.16,5.16
658,P,PEGOLO,SASSUOLO,33,3,0,0,55,0,0,0,2,0,0,0,0,6.39,0,4.86,4.86
127,P,SILVESTRI,CAGLIARI,3,0,1,0,5,0,0,0,0,0,0,1,0,6.33,0,3.67,3.67
727,P,SCUFFET,UDINESE,16,1,0,0,22,0,0,0,0,0,0,0,0,6.31,0,4.91,4.91
12,P,CONSIGLI,ATALANTA,35,3,0,0,48,0,0,0,1,0,0,0,0,6.27,0,4.94,4.94
219,P,BUFFON,JUVENTUS,33,0,1,0,20,0,0,0,1,0,0,0,0,6.21,0,5.67,5.67
61,P,AVRAMOV,CAGLIARI,23,4,0,0,25,0,0,0,0,0,0,0,0,6.2,0,5.02,5.02
405,P,FIORILLO,SAMPDORIA,5,0,0,0,13,0,0,0,0,0,0,0,0,6.2,0,3.6,3.6
342,P,REINA,NAPOLI,30,0,0,0,29,0,0,0,1,0,0,1,0,6.2,0,5.27,5.27
196,P,HANDANOVIC,INTER,36,0,1,0,32,0,0,0,3,0,0,0,0,6.15,0,5.49,5.49
92,P,FRISON,CATANIA,14,2,0,0,24,0,0,0,1,0,0,1,0,6.14,0,4.43,4.43
380,P,DE SANCTIS,ROMA,36,2,0,0,23,0,0,0,0,0,0,0,0,6.14,0,5.47,5.47
359,P,MIRANTE,PARMA,36,1,1,0,42,0,0,0,1,0,0,0,0,6.13,0,5,5
469,P,PADELLI,TORINO,38,3,0,0,47,0,0,0,1,0,0,0,0,6.13,0,4.93,4.93
649,P,BERISHA,LAZIO,17,0,0,0,25,0,0,0,0,0,0,0,0,6.12,0,4.65,4.65
147,P,NETO,FIORENTINA,35,3,0,0,38,0,0,0,0,0,0,0,0,6.11,0,4.99,4.99
120,P,PUGGIONI,CHIEVO,23,0,0,0,32,0,0,0,1,0,0,0,0,6.09,0,4.83,4.83
271,P,BARDI,LIVORNO,35,3,0,0,69,0,0,0,0,0,0,1,0,6.09,0,4.01,4.01
401,P,DA COSTA,SAMPDORIA,33,1,0,0,49,0,0,0,0,0,0,0,0,6.08,0,4.58,4.58
40,P,CURCI,BOLOGNA,37,2,0,0,57,0,0,0,1,0,0,0,0,6.05,0,4.57,4.57
291,P,ABBIATI,MILAN,28,4,1,0,31,0,0,0,0,0,0,1,0,6.04,0,4.75,4.75
526,P,RAFAEL,VERONA HELLAS,37,1,0,0,63,0,0,0,2,0,0,0,0,6.03,0,4.47,4.47
57,P,AGAZZI,CHIEVO,25,1,0,0,40,0,0,0,1,0,0,0,0,6.02,0,4.52,4.52
237,P,RUBINHO,JUVENTUS,1,0,0,0,0,0,0,0,0,0,0,0,0,6,0,6,6
128,P,SQUIZZI,CHIEVO,1,0,0,0,1,0,0,0,0,0,0,0,0,6,0,5,5
244,P,BIZZARRI A.,GENOA,1,0,0,0,0,0,0,0,0,0,0,0,0,6,0,6,6
325,P,COLOMBO,NAPOLI,1,0,0,0,0,0,0,0,0,0,0,0,0,6,0,6,6
341,P,RAFAEL C.,NAPOLI,8,0,0,0,8,0,0,0,0,0,0,0,0,6,0,5,5
346,P,BAJZA,PARMA,3,0,0,0,4,0,0,0,0,0,0,0,0,6,0,4.67,4.67
462,P,GOMIS,TORINO,1,1,0,0,1,0,0,0,0,0,0,0,0,6,0,4.5,4.5
477,P,BRKIC,UDINESE,12,0,0,0,22,0,0,0,0,0,0,0,0,6,0,4.17,4.17
730,P,DOBLAS,NAPOLI,2,0,0,0,2,0,0,0,0,0,0,0,0,6,0,5,5
260,P,MARCHETTI,LAZIO,21,0,0,0,29,0,0,0,0,0,0,0,0,5.93,0,4.55,4.55
83,P,ANDUJAR,CATANIA,24,2,0,0,42,0,0,0,0,0,0,0,0,5.92,0,4.13,4.13
292,P,AMELIA,MILAN,5,0,0,0,8,0,0,0,0,0,0,0,0,5.9,0,4.3,4.3
488,P,KELAVA,UDINESE,10,2,0,0,13,0,0,0,0,0,0,0,0,5.85,0,4.45,4.45
302,P,GABRIEL,MILAN,7,1,0,0,10,0,0,0,0,0,0,0,0,5.71,0,4.21,4.21
442,P,POMINI,SASSUOLO,3,0,0,0,11,0,0,0,0,0,0,0,0,5.67,0,2,2
443,P,ROSATI,FIORENTINA,5,1,0,0,12,0,0,0,1,0,0,1,0,5.5,0,3.2,3.2
191,P,CARRIZO,INTER,4,0,0,0,7,0,0,0,1,0,0,0,0,5.38,0,4.38,4.38
525,P,NICOLAS,VERONA HELLAS,1,0,0,0,5,0,0,0,0,0,0,0,0,5,0,0,0
673,P,ADAN GARRIDO,CAGLIARI,2,0,0,0,4,0,0,0,0,0,0,0,0,5,0,3,3
239,A,TEVEZ,JUVENTUS,33,4,0,18,0,6,3,3,0,0,1,0,5,6.59,0,8.26,8.44
153,A,ROSSI,FIORENTINA,21,1,0,10,0,1,1,0,0,0,6,0,3,6.45,0,8.71,8.76
381,A,DESTRO,ROMA,18,5,0,13,0,1,1,0,0,0,0,0,5,6.42,0,8.44,8.5
463,A,IMMOBILE,TORINO,33,10,1,22,0,2,2,0,0,1,0,0,4,6.39,0,8.12,8.18
333,A,HIGUAIN,NAPOLI,31,6,0,12,0,6,6,0,0,0,5,0,7,6.39,1,7.94,8.13
560,A,GERVINHO,ROMA,33,2,0,9,0,9,9,0,0,0,0,0,2,6.39,0,7.18,7.45
349,A,CASSANO,PARMA,32,5,0,11,0,6,5,1,0,2,1,0,2,6.36,1,7.22,7.41
656,A,ITURBE,VERONA HELLAS,33,4,0,8,0,4,4,0,0,0,0,0,2,6.35,0,7.02,7.14
397,A,TOTTI,ROMA,25,3,0,6,0,6,4,2,0,0,2,0,2,6.34,0,7.24,7.48
209,A,PALACIO,INTER,37,4,0,17,0,5,5,0,0,0,0,0,6,6.34,0,7.66,7.8
530,A,TONI,VERONA HELLAS,34,4,0,17,0,5,5,0,0,0,3,0,7,6.32,0,8.03,8.18
363,A,OKAKA,SAMPDORIA,14,4,0,5,0,3,3,0,0,0,0,0,3,6.29,0,7.21,7.43
632,A,KEITA,LAZIO,22,2,0,5,0,2,2,0,0,0,0,0,0,6.27,0,6.91,7
637,A,REBIC,FIORENTINA,2,0,0,1,0,0,0,0,0,0,0,0,0,6.25,0,7.75,7.75
226,A,LLORENTE,JUVENTUS,32,3,0,16,0,3,3,0,0,0,0,0,6,6.23,1,7.69,7.78
427,A,BERARDI D.,SASSUOLO,29,10,1,10,0,4,1,3,0,0,6,0,3,6.21,1,7.66,7.79
403,A,EDER,SAMPDORIA,33,7,1,9,0,5,5,0,0,0,3,0,3,6.18,1,7.14,7.29
369,A,SANSONE N.,SASSUOLO,25,2,0,7,0,6,3,3,0,0,0,0,3,6.18,1,6.98,7.22
335,A,INSIGNE,NAPOLI,32,2,0,3,0,4,4,0,0,0,0,0,0,6.11,0,6.36,6.48
716,A,OBINNA,CHIEVO,9,0,0,2,0,0,0,0,0,0,0,0,1,6.11,0,6.78,6.78
482,A,DI NATALE,UDINESE,30,1,0,13,0,0,0,0,0,2,4,0,6,6.1,3,7.58,7.58
197,A,ICARDI,INTER,20,1,0,9,0,1,1,0,0,0,0,0,3,6.1,0,7.42,7.47
16,A,DENIS,ATALANTA,37,3,0,11,0,4,4,0,0,1,2,0,3,6.08,1,7.01,7.12
406,A,GABBIADINI,SAMPDORIA,34,6,0,8,0,4,2,2,0,0,0,0,0,6.07,1,6.69,6.81
223,A,GIOVINCO,JUVENTUS,9,2,0,2,0,1,1,0,0,0,0,0,1,6.06,0,6.61,6.72
236,A,QUAGLIARELLA,JUVENTUS,10,1,0,1,0,0,0,0,0,0,0,0,0,6.05,0,6.3,6.3
70,A,IBARBO,CAGLIARI,29,6,1,4,0,1,1,0,0,1,0,0,2,6.05,1,6.22,6.26
345,A,AMAURI,PARMA,25,1,2,6,0,0,0,0,0,1,2,0,3,6.04,0,6.78,6.78
168,A,GILARDINO,GENOA,35,8,0,11,0,0,0,0,0,3,4,0,4,6.03,2,6.94,6.94
144,A,LJAJIC,ROMA,25,5,0,5,0,5,4,1,0,0,1,0,1,6.02,0,6.64,6.84
339,A,PANDEV,NAPOLI,24,3,0,7,0,3,3,0,0,1,0,0,2,6.02,0,6.71,6.83
294,A,BALOTELLI,MILAN,29,9,1,11,0,4,3,1,0,2,3,0,5,6.02,2,7.07,7.21
278,A,DIONISI,LIVORNO,1,0,0,0,0,0,0,0,0,0,0,0,0,6,0,6,6
414,A,POZZI,PARMA,8,1,0,1,0,2,2,0,0,0,1,0,1,6,0,6.69,6.94
501,A,RANEGIE,UDINESE,1,0,0,0,0,0,0,0,0,0,0,0,0,6,0,6,6
105,A,ACOSTY,CHIEVO,3,0,0,0,0,0,0,0,0,0,0,0,0,6,0,6,6
14,A,DE LUCA,ATALANTA,14,2,0,4,0,2,2,0,0,0,0,0,2,6,2,6.79,6.93
635,A,ZAPATA D.,NAPOLI,9,1,0,5,0,2,2,0,0,0,0,0,1,6,0,7.61,7.83
740,A,CARUSO,CATANIA,1,0,0,0,0,0,0,0,0,0,0,0,0,6,0,6,6
763,A,BARTOLINI,LIVORNO,1,0,0,0,0,0,0,0,0,0,0,0,0,6,0,6,6
690,A,GLIOZZI,SASSUOLO,1,0,0,0,0,0,0,0,0,0,0,0,0,6,0,6,6
694,A,RODRIGUEZ,BOLOGNA,1,0,0,0,0,0,0,0,0,0,0,0,0,6,0,6,6
86,A,BERGESSIO,CATANIA,30,7,1,9,0,2,2,0,0,0,1,0,4,5.98,1,6.83,6.9
420,A,SANSONE G.,SAMPDORIA,22,2,0,3,0,1,1,0,0,0,0,0,1,5.98,0,6.34,6.39
308,A,PAZZINI,MILAN,15,1,0,2,0,1,1,0,0,0,0,0,1,5.97,0,6.33,6.4
285,A,PAULINHO,LIVORNO,35,8,0,12,0,1,1,0,0,0,3,0,5,5.96,0,7.13,7.16
241,A,VUCINIC,JUVENTUS,8,2,0,1,0,0,0,0,0,0,1,0,0,5.94,0,6.56,6.56
447,A,ZAZA,SASSUOLO,32,10,1,8,0,1,1,0,0,0,1,0,1,5.94,1,6.59,6.63
76,A,PINILLA,CAGLIARI,24,8,1,3,0,0,0,0,0,2,4,0,3,5.94,1,6.35,6.35
167,A,FLORO FLORES,SASSUOLO,27,4,0,7,0,3,3,0,0,0,0,0,1,5.93,1,6.63,6.74
73,A,NENE,CAGLIARI,17,4,0,5,0,0,0,0,0,0,0,0,1,5.91,0,6.68,6.68
520,A,JUANITO,VERONA HELLAS,24,3,0,5,0,5,5,0,0,0,0,0,1,5.9,1,6.46,6.67
116,A,PALOSCHI,CHIEVO,32,3,0,9,0,1,1,0,0,0,4,0,3,5.86,0,7.03,7.06
115,A,LAZAREVIC,CHIEVO,13,1,0,1,0,1,1,0,0,0,0,0,1,5.85,0,6.04,6.12
467,A,MEGGIORINI,TORINO,19,1,0,0,0,3,3,0,0,0,0,0,0,5.84,0,5.82,5.97
171,A,KONATE,GENOA,20,3,0,1,0,2,2,0,0,0,0,0,0,5.83,0,5.9,6
464,A,LARRONDO,TORINO,3,1,0,1,0,0,0,0,0,0,0,0,0,5.83,0,6.67,6.67
130,A,THEREAU,CHIEVO,31,2,0,5,0,1,1,0,0,1,2,0,2,5.82,0,6.37,6.4
255,A,KLOSE,LAZIO,24,2,0,7,0,1,1,0,0,0,0,0,3,5.81,0,6.65,6.69
309,A,PETAGNA,MILAN,5,1,0,0,0,0,0,0,0,0,0,0,0,5.8,0,5.7,5.7
80,A,SAU,CAGLIARI,28,1,0,6,0,1,1,0,0,0,0,0,1,5.8,1,6.43,6.46
602,A,BOATENG KI.,CATANIA,5,0,0,0,0,1,1,0,0,0,0,0,0,5.8,0,5.8,6
721,A,FEDATO,CATANIA,5,0,0,0,0,0,0,0,0,0,0,0,0,5.8,0,5.8,5.8
511,A,CACIA,VERONA HELLAS,7,0,0,0,0,0,0,0,0,0,0,0,0,5.79,0,5.79,5.79
490,A,LOPEZ,UDINESE,16,1,0,2,0,0,0,0,0,0,0,0,0,5.78,0,6.13,6.13
374,A,BORRIELLO,ROMA,9,2,0,1,0,0,0,0,0,0,0,0,1,5.78,0,6,6
47,A,MOSCARDELLI,BOLOGNA,13,5,0,1,0,1,1,0,0,0,0,0,0,5.77,0,5.81,5.88
608,A,MATOS,FIORENTINA,13,4,0,0,0,0,0,0,0,0,0,0,0,5.77,0,5.62,5.62
634,A,EMEGHARA,LIVORNO,28,3,1,3,0,3,3,0,0,0,1,0,0,5.77,1,6.11,6.21
715,A,OSVALDO,JUVENTUS,8,1,0,1,0,1,1,0,0,0,0,0,1,5.75,0,6.06,6.19
704,A,SANABRIA,SASSUOLO,2,0,0,0,0,0,0,0,0,0,0,0,0,5.75,0,5.75,5.75
205,A,MILITO,INTER,12,0,0,2,0,1,1,0,0,1,0,0,0,5.75,0,6,6.08
425,A,ALEXE,SASSUOLO,4,0,0,0,0,0,0,0,0,0,0,0,0,5.75,0,5.75,5.75
140,A,GOMEZ,FIORENTINA,9,1,0,2,0,1,1,0,0,0,1,0,1,5.72,0,6.67,6.78
544,A,FARIAS,SASSUOLO,9,1,0,0,0,0,0,0,0,0,0,0,0,5.72,0,5.67,5.67
494,A,MURIEL,UDINESE,22,3,0,2,0,1,1,0,0,0,2,0,1,5.7,0,6.18,6.23
438,A,MASUCCI,SASSUOLO,8,1,0,0,0,0,0,0,0,0,0,0,0,5.69,0,5.63,5.63
322,A,CALAIO,GENOA,15,1,0,3,0,0,0,0,0,1,0,0,0,5.67,1,6.03,6.03
265,A,PEREA,LAZIO,12,3,0,1,0,0,0,0,0,0,0,0,0,5.67,0,5.79,5.79
722,A,RABUSIC,VERONA HELLAS,3,0,0,0,0,0,0,0,0,0,0,0,0,5.67,0,5.67,5.67
647,A,CRISTALDO,BOLOGNA,27,1,1,4,0,2,2,0,0,0,0,0,1,5.65,0,6.04,6.11
252,A,FLOCCARI,SASSUOLO,22,1,0,1,0,0,0,0,0,1,0,0,0,5.64,0,5.61,5.61
300,A,EL SHAARAWY,MILAN,4,1,0,0,0,0,0,0,0,0,0,0,0,5.63,0,5.5,5.5
543,A,PETKOVIC,CATANIA,4,0,0,0,0,0,0,0,0,0,0,0,0,5.63,0,5.63,5.63
187,A,BELFODIL,LIVORNO,21,1,1,0,0,1,1,0,0,0,0,0,0,5.62,0,5.55,5.6
99,A,MAXI LOPEZ,SAMPDORIA,18,1,1,1,0,1,1,0,0,1,1,0,2,5.61,0,5.69,5.75
311,A,ROBINHO,MILAN,20,1,0,3,0,3,3,0,0,0,0,0,0,5.6,0,6.03,6.17
37,A,BIANCHI R.,BOLOGNA,26,4,0,3,0,1,1,0,0,1,0,0,0,5.56,1,5.71,5.75
448,A,BARRETO,TORINO,10,0,0,0,0,1,1,0,0,0,0,0,0,5.55,0,5.55,5.65
229,A,MATRI,FIORENTINA,28,4,0,4,0,2,2,0,0,0,1,0,2,5.54,0,6,6.07
20,A,LIVAJA,ATALANTA,16,3,0,2,0,0,0,0,0,0,0,0,1,5.53,0,5.81,5.81
22,A,MARILUNGO,ATALANTA,4,0,0,0,0,0,0,0,0,0,0,0,0,5.5,0,5.5,5.5
1,A,ARDEMAGNI,CHIEVO,1,0,0,0,0,0,0,0,0,0,0,0,0,5.5,0,5.5,5.5
440,A,PAVOLETTI,SASSUOLO,1,0,0,0,0,0,0,0,0,0,0,0,0,5.5,0,5.5,5.5
538,A,DOUKARA,CATANIA,1,1,0,0,0,0,0,0,0,0,0,0,0,5.5,0,5,5
695,A,PAPONI,BOLOGNA,1,0,0,0,0,0,0,0,0,0,0,0,0,5.5,0,5.5,5.5
719,A,BENTANCOURT,ATALANTA,2,0,0,0,0,0,0,0,0,0,0,0,0,5.5,0,5.5,5.5
707,A,POSTIGA,LAZIO,4,0,0,0,0,0,0,0,0,0,0,0,0,5.5,0,5.5,5.5
119,A,PELLISSIER,CHIEVO,17,2,2,1,0,1,1,0,0,0,0,0,0,5.47,0,5.47,5.53
306,A,NIANG,MILAN,8,1,0,0,0,0,0,0,0,0,0,0,0,5.44,0,5.38,5.38
33,A,ACQUAFRESCA,BOLOGNA,15,1,0,0,0,0,0,0,0,0,0,0,0,5.33,0,5.3,5.3
664,A,BORJA,LIVORNO,4,0,1,0,0,0,0,0,0,0,0,0,0,4.88,0,4.63,4.63
550,C,CRISTANTE,MILAN,2,0,0,1,0,1,1,0,0,0,0,0,0,6.75,0,8.25,8.75
710,C,TAARABT,MILAN,14,3,0,4,0,0,0,0,0,0,0,0,1,6.54,0,7.29,7.29
246,C,CANDREVA,LAZIO,37,2,1,6,0,5,3,2,0,0,6,0,5,6.51,1,7.43,7.57
390,C,PJANIC,ROMA,35,7,1,5,0,4,4,0,0,0,1,0,3,6.51,0,6.9,7.01
337,C,MERTENS,NAPOLI,30,4,0,9,0,4,4,0,0,0,2,0,4,6.5,0,7.53,7.67
137,C,CUADRADO,FIORENTINA,32,8,1,11,0,5,5,0,0,0,0,0,3,6.44,0,7.31,7.47
453,C,CERCI,TORINO,37,4,0,8,0,9,7,2,0,2,5,0,5,6.41,2,7.24,7.49
42,C,DIAMANTI,BOLOGNA,19,8,0,2,0,2,2,0,0,0,3,0,1,6.37,1,6.95,7.05
151,C,ROMULO,VERONA HELLAS,32,4,0,6,0,8,4,4,0,0,0,0,0,6.3,0,6.8,7.05
134,C,BORJA VALERO,FIORENTINA,32,5,1,6,0,8,5,3,0,0,0,0,0,6.3,0,6.75,7
235,C,POGBA,JUVENTUS,36,4,0,7,0,6,6,0,0,0,0,0,4,6.28,0,6.81,6.97
323,C,CALLEJON,NAPOLI,37,6,0,15,0,6,6,0,0,0,0,0,4,6.28,0,7.42,7.58
240,C,VIDAL,JUVENTUS,29,8,0,9,0,1,1,0,0,0,2,0,6,6.26,1,7.26,7.29
4,C,BONAVENTURA,ATALANTA,31,2,0,5,0,2,2,0,0,0,0,0,2,6.26,0,6.71,6.77
72,C,NAINGGOLAN,ROMA,34,11,0,4,0,2,2,0,0,0,0,0,2,6.26,1,6.46,6.51
379,C,DE ROSSI,ROMA,32,4,1,1,0,1,1,0,0,0,0,0,1,6.23,0,6.23,6.27
393,C,STROOTMAN,ROMA,23,6,0,3,0,4,4,0,0,0,2,0,0,6.22,1,6.74,6.91
298,C,DE JONG,MILAN,33,9,0,2,0,2,2,0,0,0,0,0,2,6.2,0,6.24,6.3
215,C,ASAMOAH,JUVENTUS,34,6,0,2,0,2,2,0,0,0,0,0,1,6.19,0,6.28,6.34
234,C,PIRLO,JUVENTUS,29,4,0,4,0,5,2,3,0,0,0,0,1,6.19,0,6.53,6.71
348,C,BIABIANY,PARMA,34,0,0,6,0,5,5,0,0,0,0,0,1,6.18,1,6.71,6.85
344,C,ACQUAH,PARMA,23,6,0,1,0,1,1,0,0,0,0,0,0,6.17,0,6.17,6.22
661,C,FETFATZIDIS,GENOA,29,1,0,2,0,3,3,0,0,0,0,0,1,6.16,0,6.34,6.45
519,C,JORGINHO,NAPOLI,33,7,0,2,0,3,2,1,0,0,5,0,3,6.15,1,6.68,6.77
139,C,FERNANDEZ M.,FIORENTINA,20,1,0,3,0,1,1,0,0,0,0,0,2,6.15,1,6.58,6.63
185,C,ALVAREZ R.,INTER,29,3,1,4,0,6,6,0,0,0,0,0,0,6.14,0,6.47,6.67
11,C,CIGARINI,ATALANTA,33,9,2,2,0,7,4,3,0,0,0,0,1,6.14,0,6.12,6.33
457,C,EL KADDOURI,TORINO,29,6,0,5,0,7,6,1,0,0,0,0,2,6.14,0,6.55,6.79
189,C,CAMBIASSO,INTER,32,4,0,4,0,2,1,1,0,0,0,0,1,6.13,0,6.44,6.5
383,C,FLORENZI,ROMA,30,4,0,6,0,6,4,2,0,0,0,0,3,6.12,0,6.65,6.85
227,C,MARCHISIO,JUVENTUS,26,5,0,4,0,1,1,0,0,0,0,0,3,6.1,0,6.46,6.5
320,C,BEHRAMI,NAPOLI,19,3,0,0,0,0,0,0,0,0,0,1,0,6.08,0,5.89,5.89
366,C,PAROLO,PARMA,36,9,0,8,0,4,4,0,0,0,0,0,4,6.07,0,6.61,6.72
395,C,TADDEI,ROMA,14,3,0,2,0,1,1,0,0,0,0,0,0,6.07,0,6.39,6.46
332,C,HAMSIK,NAPOLI,27,2,0,7,0,4,4,0,0,1,0,0,2,6.06,0,6.69,6.83
421,C,SORIANO,SAMPDORIA,27,4,1,5,0,0,0,0,0,0,0,0,1,6.06,0,6.5,6.5
473,C,ALLAN,UDINESE,32,5,1,0,0,1,1,0,0,0,0,0,0,6.06,0,5.95,5.98
328,C,DZEMAILI,NAPOLI,19,4,0,6,0,1,1,0,0,0,0,0,2,6.05,0,6.89,6.95
283,C,LUCI,LIVORNO,22,6,0,1,0,0,0,0,0,0,0,0,0,6.05,0,6.05,6.05
195,C,GUARIN,INTER,31,5,0,4,0,5,5,0,0,0,0,0,0,6.05,0,6.35,6.52
162,C,BIONDINI,SASSUOLO,30,4,0,2,0,2,2,0,0,0,0,0,0,6.05,1,6.18,6.25
651,C,PLASIL,CATANIA,26,2,0,1,0,1,0,1,0,0,0,0,1,6.04,0,6.12,6.15
261,C,MATUZALEM,GENOA,20,8,1,0,0,3,2,1,0,0,0,0,0,6.03,0,5.78,5.92
356,C,MARCHIONNI,PARMA,33,9,0,1,0,1,1,0,0,0,0,0,0,6.02,0,5.97,6
39,C,CHRISTODOULOPOULOS,BOLOGNA,24,4,0,0,0,2,1,1,0,0,2,0,1,6.02,0,6.19,6.27
84,C,BARRIENTOS,CATANIA,27,10,0,5,0,4,3,1,0,0,0,0,0,6.02,0,6.39,6.54
484,C,FERNANDES,UDINESE,23,4,0,4,0,4,3,1,0,0,0,0,0,6.02,1,6.46,6.63
474,C,BADU,UDINESE,27,5,0,5,0,1,1,0,0,0,0,0,0,6,1,6.46,6.5
471,C,VIVES,TORINO,33,15,0,1,0,2,2,0,0,0,0,0,0,6,0,5.86,5.92
523,C,MARTINHO,VERONA HELLAS,18,0,0,2,0,1,1,0,0,0,0,0,1,6,0,6.33,6.39
584,C,VARGAS,FIORENTINA,21,2,0,4,0,0,0,0,0,0,0,0,1,6,0,6.52,6.52
653,C,KUPISZ,CHIEVO,1,0,0,0,0,0,0,0,0,0,0,0,0,6,0,6,6
676,C,RICCI,ROMA,1,0,0,0,0,0,0,0,0,0,0,0,0,6,0,6,6
705,C,PAREDES,CHIEVO,1,0,0,0,0,0,0,0,0,0,0,0,0,6,0,6,6
739,C,DONSAH,VERONA HELLAS,1,1,0,0,0,0,0,0,0,0,0,0,0,6,0,5.5,5.5
760,C,OLAUSSON,ATALANTA,1,0,0,0,0,0,0,0,0,0,0,0,0,6,0,6,6
64,C,CONTI,CAGLIARI,31,12,2,4,0,1,1,0,0,0,0,0,1,6,0,6.13,6.16
200,C,KOVACIC,INTER,29,2,0,0,0,3,3,0,0,0,0,0,0,6,0,5.97,6.07
132,C,AMBROSINI,FIORENTINA,17,7,0,0,0,0,0,0,0,0,0,0,0,6,0,5.79,5.79
340,C,RADOSEVIC,NAPOLI,3,1,0,0,0,0,0,0,0,0,0,0,0,6,0,5.83,5.83
450,C,BELLOMO,TORINO,5,1,0,1,0,0,0,0,0,0,0,0,0,6,1,6.5,6.5
262,C,MAURI,LAZIO,10,1,0,4,0,1,1,0,0,1,0,0,1,6,1,6.85,6.95
310,C,POLI,MILAN,22,4,0,2,0,0,0,0,0,0,0,0,0,6,0,6.18,6.18
499,C,PEREYRA,UDINESE,35,6,0,2,0,6,6,0,0,0,0,0,0,5.99,0,6.07,6.24
517,C,HALLFREDSSON,VERONA HELLAS,31,5,0,2,0,3,3,0,0,0,0,0,0,5.98,0,6.1,6.19
173,C,LODI,CATANIA,27,6,0,2,0,4,1,3,0,0,2,0,0,5.98,0,6.31,6.46
24,C,MORALEZ,ATALANTA,32,1,0,5,0,6,6,0,0,0,0,0,3,5.98,0,6.44,6.63
9,C,CARMONA,ATALANTA,30,8,1,2,0,0,0,0,0,0,0,0,1,5.98,0,6.02,6.02
113,C,HETEMAJ,CHIEVO,32,12,0,0,0,4,4,0,0,0,0,0,0,5.97,0,5.78,5.91
122,C,RIGONI L.,CHIEVO,33,15,0,4,0,1,1,0,0,0,0,0,2,5.97,0,6.11,6.14
259,C,LULIC,LAZIO,30,10,1,7,0,2,2,0,0,0,0,0,2,5.97,0,6.47,6.53
449,C,BASHA,TORINO,18,2,1,0,0,0,0,0,0,0,0,0,0,5.97,0,5.86,5.86
458,C,FARNERUD,TORINO,17,4,0,4,0,0,0,0,0,0,0,0,1,5.97,0,6.56,6.56
416,C,RENAN,SAMPDORIA,13,1,0,2,0,0,0,0,0,0,0,0,0,5.96,1,6.38,6.38
149,C,PIZARRO,FIORENTINA,28,5,1,1,0,2,2,0,0,1,0,0,1,5.95,0,5.82,5.89
89,C,CASTRO,CATANIA,28,3,0,3,0,2,1,1,0,0,0,0,0,5.95,0,6.21,6.29
475,C,BASTA,UDINESE,28,4,0,3,0,1,1,0,0,0,0,0,0,5.95,1,6.2,6.23
214,C,ZANETTI,INTER,9,0,0,0,0,0,0,0,0,0,0,0,0,5.94,0,5.94,5.94
432,C,KURTIC,TORINO,34,3,0,2,0,4,3,1,0,0,0,0,0,5.94,1,6.07,6.19
243,C,BIGLIA,LAZIO,26,5,1,1,0,1,1,0,0,0,1,0,1,5.94,0,6.04,6.08
258,C,LEDESMA,LAZIO,27,6,1,0,0,1,1,0,0,0,0,0,0,5.93,0,5.78,5.81
375,C,BRADLEY,ROMA,7,2,0,1,0,0,0,0,0,0,0,0,1,5.93,0,6.21,6.21
94,C,IZCO,CATANIA,29,3,0,3,0,2,2,0,0,0,0,0,1,5.93,0,6.19,6.26
95,C,KEKO,CATANIA,14,3,0,0,0,1,1,0,0,0,0,0,0,5.93,0,5.82,5.89
491,C,MAICOSUEL,UDINESE,15,0,0,1,0,2,1,1,0,0,0,0,0,5.93,0,6.13,6.27
633,C,STURARO,GENOA,14,7,0,1,0,2,1,1,0,0,0,0,0,5.93,0,5.89,6.04
646,C,KAKA',MILAN,30,2,0,7,0,3,2,1,0,0,0,0,1,5.93,0,6.6,6.7
65,C,COSSU,CAGLIARI,26,6,0,0,0,0,0,0,0,0,0,0,0,5.92,0,5.81,5.81
452,C,BRIGHI,SASSUOLO,19,2,0,2,0,0,0,0,0,0,0,0,1,5.92,0,6.18,6.18
287,C,SCHIATTARELLA,LIVORNO,17,8,0,0,0,2,2,0,0,0,0,0,0,5.91,0,5.68,5.79
213,C,SCHELOTTO,PARMA,23,3,0,5,0,1,1,0,0,0,0,0,0,5.91,1,6.5,6.54
527,C,SALA,VERONA HELLAS,11,3,0,1,0,2,2,0,0,0,0,0,0,5.91,0,6.05,6.23
254,C,HERNANES,INTER,31,6,1,5,0,4,1,3,0,0,0,0,1,5.9,0,6.26,6.39
251,C,FELIPE ANDERSON,LAZIO,9,1,0,0,0,0,0,0,0,0,0,0,0,5.89,0,5.83,5.83
253,C,GONZALEZ ALV.,LAZIO,20,1,0,1,0,2,2,0,0,0,0,0,0,5.88,1,6,6.1
188,C,BOTTA,INTER,4,1,0,0,0,0,0,0,0,0,0,0,0,5.88,0,5.75,5.75
143,C,JOAQUIN,FIORENTINA,25,0,0,2,0,2,2,0,0,0,0,0,2,5.88,0,6.12,6.2
129,C,STOIAN,CHIEVO,12,2,0,0,0,0,0,0,0,0,0,0,0,5.88,0,5.79,5.79
97,C,LETO,CATANIA,24,3,0,3,0,1,1,0,0,0,0,0,0,5.88,0,6.19,6.23
703,C,YEBDA,UDINESE,4,1,0,0,0,0,0,0,0,0,0,0,0,5.88,0,5.75,5.75
655,C,IBRAIMI,CAGLIARI,19,1,0,1,0,1,0,1,0,0,1,0,0,5.87,1,6.16,6.21
44,C,KONE P.,BOLOGNA,27,12,1,5,0,1,0,1,0,0,0,0,0,5.87,1,6.17,6.2
161,C,BERTOLACCI,GENOA,25,7,0,2,0,1,0,1,0,0,0,0,0,5.86,0,5.96,6
304,C,MONTOLIVO,MILAN,29,5,1,3,0,1,1,0,0,0,0,0,1,5.86,0,6.05,6.09
459,C,GAZZI,TORINO,7,1,0,0,0,0,0,0,0,0,0,0,0,5.86,0,5.79,5.79
684,C,RINAUDO F,CATANIA,17,7,1,0,0,0,0,0,0,0,0,0,0,5.85,0,5.59,5.59
331,C,GARGANO,PARMA,20,6,0,1,0,1,0,1,0,0,0,0,0,5.85,0,5.85,5.9
264,C,ONAZI,LAZIO,24,4,1,1,0,1,1,0,0,0,0,0,0,5.85,0,5.85,5.9
133,C,AQUILANI,FIORENTINA,31,7,0,5,0,1,1,0,0,0,1,0,0,5.85,0,6.32,6.35
388,C,MARQUINHO,VERONA HELLAS,19,3,0,2,0,1,1,0,0,0,0,0,0,5.84,0,6.08,6.13
365,C,PALLADINO,PARMA,19,0,0,3,0,2,1,1,0,0,0,0,1,5.84,1,6.32,6.42
272,C,BELINGHERI,LIVORNO,3,0,0,0,0,0,0,0,0,0,0,0,0,5.83,0,5.83,5.83
19,C,KONE M.,ATALANTA,6,1,0,1,0,0,0,0,0,0,0,0,0,5.83,0,6.25,6.25
500,C,PINZI,UDINESE,23,12,0,1,0,2,2,0,0,0,0,0,0,5.83,0,5.7,5.78
696,C,BASTOS,ROMA,11,1,0,1,0,0,0,0,0,0,0,0,0,5.82,0,6.05,6.05
5,C,BRIENZA,ATALANTA,14,0,0,1,0,1,0,1,0,0,0,0,1,5.82,0,6.04,6.11
45,C,KRHIN,BOLOGNA,25,4,0,0,0,0,0,0,0,0,0,0,0,5.82,0,5.74,5.74
156,C,VECINO,CAGLIARI,11,2,0,2,0,0,0,0,0,0,0,0,0,5.82,0,6.27,6.27
172,C,KUCKA,GENOA,11,2,0,2,0,0,0,0,0,0,0,0,1,5.82,0,6.27,6.27
224,C,ISLA,JUVENTUS,14,1,0,0,0,2,2,0,0,0,0,0,0,5.82,0,5.79,5.93
281,C,GRECO,LIVORNO,31,13,0,4,0,3,1,2,0,0,0,0,0,5.82,0,6,6.1
305,C,MUNTARI,MILAN,26,6,1,5,0,2,2,0,0,0,0,0,0,5.81,1,6.23,6.31
121,C,RADOVANOVIC,CHIEVO,31,5,0,0,0,1,1,0,0,0,0,0,0,5.81,0,5.73,5.76
724,C,IBSON,BOLOGNA,8,2,0,0,0,0,0,0,0,0,0,0,0,5.81,0,5.69,5.69
689,C,ANDERSON,FIORENTINA,5,0,0,0,0,0,0,0,0,0,0,0,0,5.8,0,5.8,5.8
489,C,LAZZARI,UDINESE,22,3,0,0,0,2,2,0,0,0,0,1,0,5.8,0,5.64,5.73
228,C,MARRONE,SASSUOLO,15,3,0,0,0,2,2,0,0,0,0,0,0,5.8,0,5.7,5.83
439,C,MISSIROLI,SASSUOLO,24,4,0,1,0,1,1,0,0,0,0,0,1,5.79,0,5.83,5.88
2,C,BASELLI,ATALANTA,21,1,0,0,0,0,0,0,0,0,0,0,0,5.79,0,5.76,5.76
81,C,ALMIRON,CATANIA,13,1,0,1,0,0,0,0,0,0,0,0,0,5.77,1,5.96,5.96
640,C,ESTIGARRIBIA,ATALANTA,26,4,0,1,0,1,1,0,0,0,0,0,0,5.77,0,5.81,5.85
68,C,EKDAL,CAGLIARI,21,6,0,1,0,0,0,0,0,0,0,0,0,5.76,0,5.76,5.76
412,C,OBIANG,SAMPDORIA,27,7,0,0,0,0,0,0,0,0,0,0,0,5.76,0,5.63,5.63
436,C,MAGNANELLI,SASSUOLO,28,8,1,0,0,2,2,0,0,0,0,0,0,5.75,0,5.57,5.64
326,C,DONADEL,VERONA HELLAS,18,6,1,1,0,0,0,0,0,0,0,0,1,5.75,0,5.69,5.69
10,C,CAZZOLA,ATALANTA,4,0,1,0,0,0,0,0,0,0,0,0,0,5.75,0,5.5,5.5
23,C,MIGLIACCIO,ATALANTA,16,5,0,1,0,1,1,0,0,0,0,0,0,5.75,0,5.78,5.84
157,C,WOLSKI,FIORENTINA,10,2,0,1,0,0,0,0,0,0,0,0,0,5.75,0,5.95,5.95
597,C,PEREZ,BOLOGNA,24,10,0,0,0,0,0,0,0,0,0,0,0,5.75,0,5.54,5.54
539,C,BAKIC,FIORENTINA,2,0,0,0,0,0,0,0,0,0,0,0,0,5.75,0,5.75,5.75
574,C,GAVAZZI,SAMPDORIA,6,1,0,0,0,0,0,0,0,0,0,0,0,5.75,0,5.67,5.67
583,C,SCULLI,GENOA,10,5,0,0,0,1,1,0,0,0,0,0,0,5.75,0,5.5,5.6
697,C,ADRYAN,CAGLIARI,4,0,0,0,0,0,0,0,0,0,0,0,0,5.75,0,5.75,5.75
701,C,TABANELLI,CAGLIARI,2,0,0,0,0,0,0,0,0,0,0,0,0,5.75,0,5.75,5.75
514,C,DONATI,VERONA HELLAS,17,2,0,1,0,1,1,0,0,0,0,0,0,5.74,0,5.85,5.91
55,C,TAIDER,INTER,17,3,0,1,0,1,0,1,0,0,0,0,0,5.74,0,5.82,5.88
288,C,SILIGARDI,LIVORNO,23,1,0,5,0,1,1,0,0,0,0,0,0,5.74,0,6.37,6.41
350,C,CHIBSAH,SASSUOLO,17,0,0,0,0,0,0,0,0,0,0,0,0,5.74,0,5.74,5.74
202,C,LAXALT,BOLOGNA,13,0,0,2,0,0,0,0,0,0,0,0,0,5.73,0,6.19,6.19
512,C,CIRIGLIANO,VERONA HELLAS,11,2,0,0,0,0,0,0,0,0,0,0,0,5.73,0,5.64,5.64
334,C,INLER,NAPOLI,30,6,0,2,0,1,1,0,0,0,0,0,0,5.72,0,5.82,5.85
433,C,LARIBI,SASSUOLO,7,2,0,0,0,1,1,0,0,0,0,0,0,5.71,0,5.57,5.71
142,C,ILICIC,FIORENTINA,19,1,0,3,0,1,1,0,0,0,0,0,2,5.71,0,6.16,6.21
49,C,PAZIENZA,BOLOGNA,21,8,0,1,0,0,0,0,0,0,0,0,0,5.71,0,5.67,5.67
194,C,DUNCAN,LIVORNO,28,6,0,0,0,0,0,0,0,0,0,0,0,5.7,0,5.59,5.59
273,C,BENASSI,LIVORNO,20,4,1,2,0,1,1,0,0,0,0,0,0,5.7,0,5.85,5.9
409,C,KRSTICIC,SAMPDORIA,31,8,1,1,0,1,1,0,0,0,0,0,0,5.69,0,5.63,5.66
163,C,BIRSA,MILAN,13,0,0,2,0,0,0,0,0,0,0,0,2,5.69,0,6.15,6.15
164,C,COFIE,GENOA,16,5,0,1,0,0,0,0,0,0,0,0,0,5.69,0,5.72,5.72
545,C,BENTIVOGLIO,CHIEVO,16,3,0,1,0,0,0,0,0,0,0,0,0,5.69,0,5.78,5.78
650,C,BJARNASON,SAMPDORIA,11,1,0,0,0,1,0,1,0,0,0,0,0,5.68,0,5.64,5.73
67,C,DESSENA,CAGLIARI,33,7,1,0,0,0,0,0,0,0,0,0,0,5.68,0,5.55,5.55
654,C,CENTURION,GENOA,9,0,0,0,0,0,0,0,0,0,0,0,0,5.67,0,5.67,5.67
87,C,BIAGIANTI,LIVORNO,25,4,0,0,0,0,0,0,0,0,0,0,0,5.64,0,5.56,5.56
69,C,ERIKSSON,CAGLIARI,16,2,0,0,0,0,0,0,0,0,0,0,0,5.63,0,5.56,5.56
112,C,GUANA,CHIEVO,8,5,0,0,0,0,0,0,0,0,0,0,0,5.63,0,5.31,5.31
126,C,SESTU,SAMPDORIA,12,3,0,0,0,1,1,0,0,0,0,0,0,5.63,0,5.5,5.58
231,C,PADOIN,JUVENTUS,9,1,0,1,0,0,0,0,0,0,0,0,1,5.61,0,5.89,5.89
301,C,EMANUELSON,MILAN,21,1,0,0,0,3,3,0,0,0,0,0,0,5.6,0,5.57,5.71
638,C,MOSQUERA,LIVORNO,5,1,0,0,0,0,0,0,0,0,0,0,0,5.6,0,5.5,5.5
644,C,GUARENTE,CHIEVO,20,3,1,0,0,2,0,2,0,0,0,0,0,5.58,0,5.45,5.55
698,C,ESSIEN,MILAN,6,1,0,0,0,0,0,0,0,0,0,0,0,5.58,0,5.5,5.5
361,C,MUNARI,PARMA,6,1,0,0,0,0,0,0,0,0,0,0,0,5.58,0,5.5,5.5
201,C,KUZMANOVIC,INTER,13,2,0,0,0,0,0,0,0,0,0,0,0,5.58,0,5.5,5.5
62,C,CABRERA,CAGLIARI,15,2,0,1,0,0,0,0,0,0,0,0,1,5.57,0,5.7,5.7
518,C,JANKOVIC,VERONA HELLAS,16,5,1,2,0,1,1,0,0,0,0,0,1,5.56,0,5.72,5.78
250,C,EDERSON,LAZIO,11,0,0,1,0,1,1,0,0,0,0,0,0,5.55,0,5.82,5.91
679,C,HONDA,MILAN,14,2,0,1,0,2,1,1,0,0,0,0,1,5.54,0,5.68,5.82
104,C,TACHTSIDIS,TORINO,17,3,1,1,0,0,0,0,0,0,0,0,0,5.53,0,5.56,5.56
114,C,IMPROTA,CHIEVO,2,0,0,0,0,0,0,0,0,0,0,0,0,5.5,0,5.5,5.5
41,C,DELLA ROCCA,BOLOGNA,8,4,0,0,0,0,0,0,0,0,0,0,0,5.5,0,5.25,5.25
18,C,GIORGI,ATALANTA,1,0,0,0,0,0,0,0,0,0,0,0,0,5.5,0,5.5,5.5
208,C,OBI,PARMA,5,2,0,0,0,0,0,0,0,0,0,0,0,5.5,0,5.3,5.3
180,C,SANTANA,GENOA,5,0,0,0,0,0,0,0,0,0,0,0,0,5.5,0,5.5,5.5
158,C,YAKOVENKO,FIORENTINA,2,0,0,0,0,0,0,0,0,0,0,0,0,5.5,0,5.5,5.5
371,C,VALDES,PARMA,6,1,0,0,0,0,0,0,0,0,0,0,0,5.5,0,5.42,5.42
683,C,CABRAL,GENOA,6,1,0,0,0,1,1,0,0,0,0,0,0,5.5,0,5.42,5.58
678,C,MAZZITELLI,ROMA,1,0,0,0,0,0,0,0,0,0,0,0,0,5.5,0,5.5,5.5
521,C,LANER,VERONA HELLAS,1,0,0,0,0,0,0,0,0,0,0,0,0,5.5,0,5.5,5.5
422,C,WSZOLEK,SAMPDORIA,16,4,0,1,0,0,0,0,0,0,0,0,0,5.47,0,5.53,5.53
312,C,SAPONARA,MILAN,5,0,0,0,0,0,0,0,0,0,0,0,0,5.4,0,5.4,5.4
408,C,GENTSOGLOU,SAMPDORIA,4,1,0,0,0,0,0,0,0,0,0,0,0,5.38,0,5.25,5.25
307,C,NOCERINO,MILAN,7,0,0,0,0,0,0,0,0,0,0,0,0,5.36,0,5.36,5.36
506,C,ZIELINSKI,UDINESE,3,0,0,0,0,0,0,0,0,0,0,0,0,5.33,0,5.33,5.33
708,C,FRIBERG,BOLOGNA,6,1,0,0,0,0,0,0,0,0,0,0,0,5.33,0,5.25,5.25
663,C,BARILLA',SAMPDORIA,3,0,1,0,0,0,0,0,0,0,0,0,0,5.17,0,4.83,4.83
404,C,ERAMO,SAMPDORIA,1,1,0,0,0,0,0,0,0,0,0,0,0,5,0,4.5,4.5
373,D,BENATIA,ROMA,33,8,0,5,0,0,0,0,0,0,0,0,2,6.53,0,6.86,6.86
378,D,CASTAN,ROMA,36,7,1,0,0,1,0,1,0,0,0,0,0,6.39,0,6.26,6.29
186,D,ANDREOLLI,INTER,3,1,0,1,0,0,0,0,0,0,0,0,0,6.33,0,7.17,7.17
221,D,CHIELLINI,JUVENTUS,31,5,0,3,0,0,0,0,0,0,0,0,2,6.32,0,6.53,6.53
343,D,ZUNIGA,NAPOLI,5,0,0,0,0,0,0,0,0,0,0,0,0,6.3,0,6.3,6.3
709,D,HENRIQUE,NAPOLI,10,2,0,1,0,0,0,0,0,0,0,0,1,6.3,0,6.5,6.5
216,D,BARZAGLI,JUVENTUS,26,3,0,0,0,0,0,0,0,0,0,1,0,6.27,0,6.13,6.13
680,D,RAMI,MILAN,17,3,0,3,0,1,1,0,0,0,0,0,0,6.26,1,6.71,6.76
225,D,LICHTSTEINER,JUVENTUS,27,4,0,2,0,8,8,0,0,0,0,0,0,6.24,0,6.39,6.69
232,D,PELUSO,JUVENTUS,5,2,0,1,0,1,1,0,0,0,0,0,0,6.2,0,6.6,6.8
387,D,MAICON,ROMA,28,4,1,2,0,0,0,0,0,0,0,0,0,6.16,0,6.27,6.27
190,D,CAMPAGNARO,INTER,20,3,0,0,0,2,2,0,0,0,0,0,0,6.13,0,6.05,6.15
150,D,RODRIGUEZ GO.,FIORENTINA,33,12,0,2,0,1,1,0,0,0,2,0,2,6.11,0,6.29,6.32
364,D,PALETTA,PARMA,18,5,1,0,0,0,0,0,0,0,0,0,0,6.11,0,5.92,5.92
212,D,SAMUEL,INTER,14,9,0,2,0,0,0,0,0,0,0,0,1,6.11,0,6.21,6.21
592,D,ROLANDO,INTER,29,4,0,4,0,0,0,0,0,0,0,0,1,6.1,1,6.45,6.45
372,D,BALZARETTI,ROMA,11,1,1,1,0,0,0,0,0,0,0,0,1,6.09,0,6.23,6.23
218,D,BONUCCI,JUVENTUS,29,7,0,2,0,3,3,0,0,0,0,0,0,6.07,0,6.16,6.26
207,D,NAGATOMO,INTER,34,3,0,5,0,5,5,0,0,0,0,0,1,6.06,1,6.46,6.6
135,D,CASSANI,PARMA,36,11,0,0,0,4,4,0,0,0,0,0,0,6.06,0,5.9,6.01
396,D,TOROSIDIS,ROMA,16,1,0,1,0,0,0,0,0,0,0,0,1,6.06,0,6.22,6.22
451,D,BOVO,TORINO,19,8,0,0,0,1,0,1,0,0,0,0,0,6.05,0,5.84,5.89
29,D,STENDARDO,ATALANTA,28,8,0,2,0,0,0,0,0,0,0,0,1,6.04,0,6.11,6.11
220,D,CACERES,JUVENTUS,16,1,0,0,0,0,0,0,0,0,0,1,0,6.03,0,5.88,5.88
455,D,DARMIAN,TORINO,37,6,0,0,0,3,3,0,0,0,0,0,0,6.03,0,5.95,6.03
321,D,BRITOS,NAPOLI,15,8,0,1,0,0,0,0,0,0,0,0,0,6.03,0,5.97,5.97
468,D,MORETTI,TORINO,36,4,0,1,0,0,0,0,0,0,0,0,0,6.01,0,6.04,6.04
596,D,CLAITON,CHIEVO,6,0,0,0,0,0,0,0,0,0,0,0,0,6,0,6,6
717,D,TOLOI,ROMA,5,1,0,0,0,0,0,0,0,0,0,0,0,6,0,5.9,5.9
723,D,BASTRINI,CAGLIARI,1,0,0,0,0,0,0,0,0,0,0,0,0,6,0,6,6
728,D,VESOVIC,TORINO,2,0,0,0,0,0,0,0,0,0,0,0,0,6,0,6,6
338,D,MESTO,NAPOLI,9,2,0,0,0,0,0,0,0,0,0,0,0,6,0,5.89,5.89
461,D,GLIK,TORINO,34,12,0,2,0,0,0,0,0,0,0,0,1,6,0,6,6
454,D,D'AMBROSIO,INTER,24,4,0,2,0,0,0,0,0,0,0,0,0,6,0,6.17,6.17
354,D,LUCARELLI,PARMA,34,14,1,4,0,0,0,0,0,0,0,0,2,6,2,6.12,6.12
141,D,HEGAZY,FIORENTINA,1,0,0,0,0,0,0,0,0,0,0,0,0,6,0,6,6
3,D,BELLINI,ATALANTA,7,0,0,0,0,0,0,0,0,0,0,1,0,6,0,5.71,5.71
108,D,DAINELLI,CHIEVO,26,6,0,2,0,0,0,0,0,0,0,0,1,6,0,6.12,6.12
154,D,SAVIC,FIORENTINA,31,5,0,0,0,0,0,0,0,0,0,0,0,5.98,0,5.9,5.9
160,D,ANTONELLI,GENOA,30,4,0,3,0,1,1,0,0,0,0,0,3,5.97,0,6.2,6.23
242,D,BIAVA,LAZIO,19,2,0,1,0,0,0,0,0,0,0,0,0,5.97,0,6.08,6.08
376,D,BURDISSO,GENOA,19,6,0,0,0,0,0,0,0,0,0,0,0,5.97,0,5.82,5.82
522,D,MAIETTA,VERONA HELLAS,24,4,0,0,0,0,0,0,0,0,0,0,0,5.96,0,5.88,5.88
407,D,GASTALDELLO,SAMPDORIA,31,8,1,2,0,0,0,0,0,0,0,0,1,5.95,0,5.98,5.98
318,D,ALBIOL,NAPOLI,31,5,0,1,0,1,1,0,0,0,0,0,0,5.95,1,5.97,6
21,D,LUCCHINI,ATALANTA,18,5,0,1,0,0,0,0,0,0,0,0,0,5.94,0,5.97,5.97
27,D,RAIMONDI,ATALANTA,27,7,0,0,0,2,2,0,0,0,0,0,0,5.94,0,5.81,5.89
31,D,YEPES,ATALANTA,23,8,0,0,0,0,0,0,0,0,0,0,0,5.93,0,5.76,5.76
184,D,VRSALJKO,GENOA,22,2,0,0,0,1,1,0,0,0,0,0,0,5.93,0,5.89,5.93
178,D,PORTANOVA,GENOA,21,4,1,1,0,0,0,0,0,0,0,0,1,5.93,0,5.93,5.93
402,D,DE SILVESTRI,SAMPDORIA,35,8,0,2,0,1,1,0,0,0,0,0,0,5.93,1,5.99,6.01
714,D,GHOULAM,NAPOLI,14,1,1,0,0,1,1,0,0,0,0,0,0,5.93,0,5.82,5.89
148,D,PASQUAL,FIORENTINA,26,5,0,0,0,4,4,0,0,0,0,1,0,5.92,0,5.75,5.9
15,D,DEL GROSSO,ATALANTA,19,4,0,0,0,0,0,0,0,0,0,0,0,5.92,0,5.82,5.82
75,D,PERICO,CAGLIARI,17,2,0,0,0,0,0,0,0,0,0,0,0,5.91,0,5.85,5.85
175,D,MARCHESE,GENOA,27,3,0,0,0,2,2,0,0,0,0,0,0,5.91,0,5.85,5.93
382,D,DODO,ROMA,16,2,0,0,0,1,1,0,0,0,0,0,0,5.91,0,5.84,5.91
368,D,ROSI,SASSUOLO,15,5,1,2,0,1,1,0,0,0,0,0,1,5.9,0,6.07,6.13
230,D,OGBONNA,JUVENTUS,15,3,1,0,0,0,0,0,0,0,0,0,0,5.9,0,5.73,5.73
211,D,RANOCCHIA,INTER,24,9,0,1,0,0,0,0,0,0,0,0,0,5.9,0,5.83,5.83
38,D,CHERUBIN,BOLOGNA,15,4,0,1,0,0,0,0,0,0,0,0,0,5.9,0,5.97,5.97
718,D,PILLUD,VERONA HELLAS,5,0,0,0,0,0,0,0,0,0,0,0,0,5.9,0,5.9,5.9
470,D,RODRIGUEZ GU.,TORINO,5,0,0,0,0,0,0,0,0,0,0,0,0,5.9,0,5.9,5.9
485,D,GABRIEL SILVA,UDINESE,30,3,1,1,0,1,1,0,0,0,0,0,1,5.9,0,5.92,5.95
486,D,HEURTAUX,UDINESE,31,8,0,4,0,0,0,0,0,0,0,0,3,5.89,0,6.15,6.15
198,D,JONATHAN,INTER,31,3,0,3,0,4,4,0,0,0,0,0,1,5.89,1,6.13,6.26
199,D,JUAN JESUS,INTER,27,7,0,0,0,0,0,0,0,0,0,0,0,5.89,0,5.76,5.76
110,D,DRAME,CHIEVO,26,5,0,0,0,2,2,0,0,0,0,0,0,5.88,0,5.79,5.87
256,D,KONKO,LAZIO,20,1,0,0,0,1,1,0,0,0,0,1,0,5.88,0,5.75,5.8
313,D,SILVESTRE,MILAN,4,2,0,1,0,0,0,0,0,0,0,0,0,5.88,0,6.38,6.38
293,D,ANTONINI,GENOA,26,3,0,2,0,1,1,0,0,0,0,0,1,5.87,0,6.04,6.08
413,D,PALOMBO,SAMPDORIA,32,5,0,1,0,2,1,1,0,0,0,0,0,5.86,0,5.88,5.94
465,D,MAKSIMOVIC,TORINO,21,6,0,0,0,1,1,0,0,0,0,0,0,5.86,0,5.71,5.76
706,D,MOLINARO,PARMA,14,3,0,2,0,1,1,0,0,0,0,0,1,5.86,0,6.18,6.25
505,D,WIDMER,UDINESE,13,2,0,0,0,0,0,0,0,0,0,0,0,5.85,0,5.77,5.77
594,D,PERUZZI,CATANIA,20,7,1,1,0,1,1,0,0,0,0,0,0,5.85,0,5.78,5.83
329,D,FERNANDEZ F.,NAPOLI,26,5,1,0,0,1,1,0,0,0,0,0,0,5.85,0,5.71,5.75
279,D,EMERSON,LIVORNO,30,7,0,2,0,0,0,0,0,0,0,0,0,5.85,0,5.93,5.93
152,D,RONCAGLIA,FIORENTINA,13,4,0,0,0,0,0,0,0,0,0,0,0,5.85,0,5.69,5.69
155,D,TOMOVIC,FIORENTINA,25,5,0,0,0,1,1,0,0,0,0,0,0,5.84,0,5.74,5.78
358,D,MESBAH,LIVORNO,16,6,0,2,0,1,1,0,0,0,0,0,0,5.84,0,6.03,6.09
391,D,ROMAGNOLI,ROMA,9,4,0,0,0,0,0,0,0,0,0,0,0,5.83,0,5.61,5.61
282,D,LAMBRUGHI,LIVORNO,3,0,0,0,0,0,0,0,0,0,0,0,0,5.83,0,5.83,5.83
296,D,BONERA,MILAN,15,6,0,0,0,0,0,0,0,0,0,0,0,5.83,0,5.63,5.63
507,D,AGOSTINI,VERONA HELLAS,24,1,0,0,0,1,1,0,0,0,0,0,0,5.83,0,5.81,5.85
483,D,DOMIZZI,UDINESE,26,10,0,0,0,0,0,0,0,0,0,0,0,5.83,0,5.63,5.63
111,D,FREY,CHIEVO,31,9,0,0,0,1,1,0,0,0,0,0,0,5.82,0,5.68,5.71
43,D,GARICS,BOLOGNA,34,7,0,1,0,2,2,0,0,0,0,0,1,5.82,0,5.81,5.87
59,D,ASTORI,CAGLIARI,34,6,0,0,0,2,2,0,0,0,0,0,0,5.81,0,5.72,5.78
165,D,DE MAIO,GENOA,21,6,0,2,0,0,0,0,0,0,0,0,0,5.81,1,5.95,5.95
174,D,MANFREDINI,SASSUOLO,18,7,2,0,0,0,0,0,0,0,0,1,0,5.81,0,5.39,5.39
330,D,GAMBERINI,GENOA,8,1,0,0,0,0,0,0,0,0,0,0,0,5.81,0,5.75,5.75
524,D,MORAS,VERONA HELLAS,29,2,1,0,0,1,1,0,0,0,0,1,0,5.81,0,5.67,5.71
546,D,MBAYE,LIVORNO,24,6,1,2,0,0,0,0,0,0,0,0,0,5.81,0,5.9,5.9
559,D,FORNASIER,SAMPDORIA,8,0,0,0,0,0,0,0,0,0,0,0,0,5.81,0,5.81,5.81
28,D,SCALONI,ATALANTA,5,0,0,0,0,0,0,0,0,0,0,0,0,5.8,0,5.8,5.8
88,D,CAPUANO,CATANIA,5,1,0,0,0,0,0,0,0,0,0,0,0,5.8,0,5.7,5.7
36,D,ANTONSSON,BOLOGNA,34,3,0,0,0,0,0,0,0,0,0,0,0,5.79,0,5.75,5.75
222,D,DE CEGLIE,GENOA,14,1,0,1,0,0,0,0,0,0,0,0,0,5.79,0,5.96,5.96
353,D,GOBBI,PARMA,26,6,0,1,0,0,0,0,0,0,0,0,0,5.79,1,5.79,5.79
290,D,ABATE,MILAN,17,1,0,1,0,0,0,0,0,0,0,0,0,5.79,1,5.94,5.94
466,D,MASIELLO,TORINO,7,1,0,0,0,0,0,0,0,0,0,0,0,5.79,0,5.71,5.71
267,D,RADU,LAZIO,25,10,0,1,0,0,0,0,0,0,0,0,0,5.78,0,5.7,5.7
324,D,CANNAVARO,SASSUOLO,20,3,2,0,0,0,0,0,0,0,0,1,0,5.78,0,5.5,5.5
316,D,ZACCARDO,MILAN,9,1,0,0,0,0,0,0,0,0,0,0,0,5.78,0,5.72,5.72
102,D,ROLIN,CATANIA,23,5,0,0,0,0,0,0,0,0,0,0,0,5.78,0,5.67,5.67
639,D,MANTOVANI,BOLOGNA,20,6,0,0,0,0,0,0,0,0,0,0,0,5.78,0,5.63,5.63
481,D,DANILO,UDINESE,36,8,0,1,0,0,0,0,0,0,0,0,1,5.78,0,5.75,5.75
508,D,ALBERTAZZI,VERONA HELLAS,15,1,2,0,0,0,0,0,0,0,0,0,0,5.77,0,5.6,5.6
78,D,ROSSETTINI,CAGLIARI,36,10,0,0,0,0,0,0,0,0,0,0,0,5.76,0,5.63,5.63
46,D,MORLEO,BOLOGNA,31,6,0,1,0,0,0,0,0,0,0,0,0,5.76,0,5.76,5.76
245,D,CANA,LAZIO,25,7,1,2,0,1,1,0,0,0,0,0,1,5.76,1,5.82,5.86
347,D,BENALOUANE,ATALANTA,21,7,0,0,0,1,1,0,0,0,0,1,0,5.76,0,5.5,5.55
248,D,CIANI,LAZIO,17,6,0,1,0,0,0,0,0,0,0,1,0,5.76,1,5.65,5.65
107,D,CESAR,CHIEVO,32,15,1,1,0,0,0,0,0,0,0,0,0,5.75,0,5.58,5.58
510,D,CACCIATORE,VERONA HELLAS,32,6,0,3,0,0,0,0,0,0,0,1,0,5.75,0,5.88,5.88
603,D,CECH,BOLOGNA,10,0,0,0,0,1,1,0,0,0,0,0,0,5.75,0,5.75,5.85
660,D,RUBIN,CHIEVO,8,1,0,0,0,1,1,0,0,0,0,0,0,5.75,0,5.69,5.81
567,D,MOTTA,GENOA,12,2,0,0,0,0,0,0,0,0,0,0,0,5.75,0,5.67,5.67
593,D,WALLACE,INTER,2,0,0,0,0,0,0,0,0,0,0,0,0,5.75,0,5.75,5.75
48,D,NATALI,BOLOGNA,31,2,1,1,0,0,0,0,0,0,0,0,0,5.74,0,5.77,5.77
6,D,BRIVIO,ATALANTA,23,0,1,3,0,0,0,0,0,0,0,0,0,5.74,0,6.09,6.09
103,D,SPOLLI,CATANIA,21,6,0,1,0,0,0,0,0,0,0,0,1,5.74,0,5.74,5.74
336,D,MAGGIO,NAPOLI,22,3,1,0,0,1,1,0,0,0,0,0,0,5.73,0,5.61,5.66
411,D,MUSTAFI,SAMPDORIA,33,8,1,1,0,1,1,0,0,0,0,1,1,5.73,0,5.61,5.64
357,D,MENDES,SASSUOLO,15,6,0,0,0,0,0,0,0,0,0,0,0,5.73,0,5.53,5.53
266,D,PEREIRINHA,LAZIO,9,4,0,0,0,1,1,0,0,0,0,0,0,5.72,0,5.5,5.61
662,D,BIRAGHI,CATANIA,20,3,0,0,0,1,1,0,0,0,0,0,0,5.72,0,5.65,5.7
247,D,CAVANDA,LAZIO,17,3,0,1,0,0,0,0,0,0,0,0,0,5.71,0,5.79,5.79
77,D,PISANO,CAGLIARI,22,5,0,0,0,3,3,0,0,0,0,0,0,5.7,0,5.59,5.73
319,D,ARMERO,NAPOLI,10,1,0,0,0,0,0,0,0,0,0,0,0,5.7,0,5.65,5.65
415,D,REGINI,SAMPDORIA,28,6,1,0,0,1,1,0,0,0,0,0,0,5.7,0,5.55,5.59
435,D,LONGHI,SASSUOLO,28,4,0,1,0,2,2,0,0,0,0,1,0,5.7,0,5.66,5.73
299,D,DE SCIGLIO,MILAN,16,4,1,0,0,0,0,0,0,0,0,0,0,5.69,0,5.5,5.5
351,D,FELIPE,PARMA,21,5,1,0,0,0,0,0,0,0,0,0,0,5.69,0,5.52,5.52
249,D,DIAS,LAZIO,16,1,1,1,0,0,0,0,0,0,0,0,0,5.69,0,5.78,5.78
426,D,ANTEI,SASSUOLO,22,7,1,0,0,1,1,0,0,0,0,0,0,5.68,0,5.48,5.52
643,D,MARQUES,VERONA HELLAS,14,2,0,0,0,0,0,0,0,0,0,0,0,5.68,0,5.61,5.61
648,D,DOUGLAS SANTOS,UDINESE,3,0,0,0,0,0,0,0,0,0,0,0,0,5.67,0,5.67,5.67
445,D,TERRANOVA,SASSUOLO,3,0,0,0,0,0,0,0,0,0,0,0,0,5.67,0,5.67,5.67
711,D,DIAKITE,FIORENTINA,9,1,1,0,0,0,0,0,0,0,0,0,0,5.67,0,5.5,5.5
280,D,GEMITI,LIVORNO,9,1,0,0,0,0,0,0,0,0,0,0,0,5.67,0,5.61,5.61
71,D,MURRU,CAGLIARI,21,3,1,0,0,1,1,0,0,0,0,0,0,5.67,0,5.55,5.6
117,D,PAMIC,CHIEVO,3,0,0,0,0,0,0,0,0,0,0,0,0,5.67,0,5.67,5.67
58,D,ARIAUDO,SASSUOLO,15,5,0,0,0,0,0,0,0,0,0,0,0,5.67,0,5.5,5.5
125,D,SARDO,CHIEVO,29,6,0,1,0,2,2,0,0,0,0,1,0,5.67,0,5.6,5.67
131,D,ALONSO,FIORENTINA,3,0,0,0,0,0,0,0,0,0,0,0,0,5.67,0,5.67,5.67
275,D,CECCHERINI,LIVORNO,32,3,1,0,0,0,0,0,0,0,0,1,0,5.66,0,5.52,5.52
431,D,GAZZOLA,SASSUOLO,24,9,0,0,0,0,0,0,0,0,0,0,0,5.65,0,5.46,5.46
400,D,COSTA,SAMPDORIA,20,9,1,0,0,1,1,0,0,0,0,0,0,5.65,0,5.38,5.42
82,D,ALVAREZ P.,CATANIA,17,6,0,0,0,0,0,0,0,0,0,0,0,5.65,0,5.47,5.47
85,D,BELLUSCI,CATANIA,20,3,2,0,0,0,0,0,0,0,0,0,0,5.65,0,5.47,5.47
671,D,REVEILLERE,NAPOLI,13,1,0,0,0,0,0,0,0,0,0,0,0,5.65,0,5.62,5.62
93,D,GYOMBER,CATANIA,18,2,0,1,0,0,0,0,0,0,0,0,0,5.64,0,5.75,5.75
496,D,PASQUALE,TORINO,12,1,0,0,0,0,0,0,0,0,0,0,0,5.63,0,5.58,5.58
480,D,CODA,LIVORNO,23,11,0,0,0,0,0,0,0,0,0,0,0,5.63,0,5.39,5.39
537,D,CRESPO,BOLOGNA,8,0,0,1,0,0,0,0,0,0,0,0,1,5.63,0,6,6
286,D,PICCINI,LIVORNO,17,2,0,0,0,1,1,0,0,0,0,0,0,5.62,0,5.56,5.62
263,D,NOVARETTI,LAZIO,10,2,1,0,0,1,1,0,0,0,0,0,0,5.6,0,5.4,5.5
429,D,BIANCO,SASSUOLO,16,4,0,0,0,0,0,0,0,0,0,0,0,5.59,0,5.47,5.47
423,D,ACERBI,SASSUOLO,13,1,0,0,0,0,0,0,0,0,0,0,0,5.58,0,5.54,5.54
60,D,AVELAR,CAGLIARI,20,2,1,0,0,1,1,0,0,0,0,0,0,5.58,0,5.47,5.53
303,D,MEXES,MILAN,22,7,2,2,0,0,0,0,0,0,0,0,2,5.57,0,5.59,5.59
136,D,COMPPER,FIORENTINA,8,3,0,0,0,0,0,0,0,0,0,0,0,5.56,0,5.38,5.38
274,D,BERNARDINI,CHIEVO,11,0,0,0,0,0,0,0,0,0,0,1,0,5.55,0,5.36,5.36
53,D,SORENSEN,BOLOGNA,14,1,1,0,0,0,0,0,0,0,0,0,0,5.54,0,5.43,5.43
7,D,CANINI,CHIEVO,13,4,0,0,0,0,0,0,0,0,0,0,0,5.54,0,5.38,5.38
515,D,GONZALEZ ALE.,VERONA HELLAS,13,2,0,0,0,0,0,0,0,0,0,0,0,5.54,0,5.46,5.46
96,D,LEGROTTAGLIE,CATANIA,16,3,1,0,0,0,0,0,0,0,0,1,0,5.53,0,5.25,5.25
101,D,MONZON,CATANIA,18,2,0,2,0,1,1,0,0,0,0,0,0,5.53,0,5.81,5.86
289,D,VALENTINI,LIVORNO,15,1,0,0,0,0,0,0,0,0,0,0,0,5.53,0,5.5,5.5
297,D,CONSTANT,MILAN,19,4,0,0,0,1,1,0,0,0,0,0,0,5.53,0,5.42,5.47
419,D,SALAMON,SAMPDORIA,1,0,0,0,0,0,0,0,0,0,0,0,0,5.5,0,5.5,5.5
384,D,JEDVAJ,ROMA,1,1,0,0,0,0,0,0,0,0,0,0,0,5.5,0,5,5
118,D,PAPP,CHIEVO,5,1,0,0,0,0,0,0,0,0,0,0,0,5.5,0,5.4,5.4
66,D,DEL FABRO,CAGLIARI,3,0,0,0,0,0,0,0,0,0,0,0,0,5.5,0,5.5,5.5
509,D,BIANCHETTI,VERONA HELLAS,3,1,0,0,0,0,0,0,0,0,0,0,0,5.5,0,5.33,5.33
478,D,BUBNJIC,UDINESE,7,0,0,0,0,0,0,0,0,0,0,0,0,5.5,0,5.5,5.5
607,D,ZIEGLER,SASSUOLO,15,2,0,0,0,0,0,0,0,0,0,0,0,5.5,0,5.43,5.43
759,D,CALDARA,ATALANTA,1,0,0,0,0,0,0,0,0,0,0,0,0,5.5,0,5.5,5.5
317,D,ZAPATA,MILAN,20,4,0,1,0,0,0,0,0,0,0,0,0,5.45,0,5.5,5.5
437,D,MARZORATI,SASSUOLO,7,1,0,1,0,0,0,0,0,0,0,0,0,5.43,0,5.79,5.79
641,D,RINAUDO,LIVORNO,17,7,0,1,0,0,0,0,0,0,0,0,0,5.41,0,5.38,5.38
398,D,BERARDI G.,SAMPDORIA,4,2,0,0,0,0,0,0,0,0,0,0,0,5.38,0,5.13,5.13
399,D,CASTELLINI,LIVORNO,13,4,0,0,0,0,0,0,0,0,0,0,0,5.38,0,5.23,5.23
25,D,NICA,ATALANTA,4,1,1,0,0,0,0,0,0,0,0,0,0,5.38,0,5,5
659,D,PUCINO,SASSUOLO,3,0,0,0,0,0,0,0,0,0,0,1,0,5.33,0,4.67,4.67
495,D,NALDO,UDINESE,15,2,0,0,0,0,0,0,0,0,0,0,0,5.33,0,5.27,5.27
210,D,PEREIRA,INTER,4,2,0,0,0,0,0,0,0,0,0,0,0,5.25,0,5,5
444,D,ROSSINI,PARMA,5,1,0,0,0,0,0,0,0,0,0,0,0,5.2,0,5.1,5.1
179,D,SAMPIRISI,GENOA,3,0,1,0,0,0,0,0,0,0,0,0,0,5.17,0,4.83,4.83
74,D,OIKONOMOU,CAGLIARI,1,0,0,0,0,0,0,0,0,0,0,0,0,5,0,5,5
570,D,UVINI,NAPOLI,1,0,0,0,0,0,0,0,0,0,0,0,0,5,0,5,5
