QUOTAZIONI FANTAGAZZETTA 2014/2015,,,,,,
Solo su WWW.FANTAGAZZETTA.COMi voti alle prime luci dell'alba,,,,,,
,,,,,,
id,Ruolo,Calciatore,Squadra,Costo,Costo Iniziale,Diff
239,A,TEVEZ,JUVENTUS,"36,6","36,6",0
318,A,HIGUAIN,NAPOLI,"36,2","36,2",0
157,A,ROSSI,FIORENTINA,"35,6","35,6",0
237,A,LLORENTE,JUVENTUS,"33,3","33,3",0
155,A,GOMEZ M.,FIORENTINA,"32,5","32,5",0
538,A,TONI,VERONA,"30,4","30,4",0
210,A,PALACIO,INTER,"30,1","30,1",0
289,A,BALOTELLI,MILAN,"29,6","29,6",0
398,A,DESTRO,ROMA,"29,5","29,5",0
510,A,DI NATALE,UDINESE,"29,0","29,0",0
477,A,CERCI,TORINO,"28,8","28,8",0
209,A,ICARDI,INTER,"27,6","27,6",0
309,C,CALLEJON,NAPOLI,"27,4","27,4",0
449,A,BERARDI,SASSUOLO,"26,8","26,8",0
403,A,TOTTI,ROMA,"26,7","26,7",0
480,A,QUAGLIARELLA,TORINO,"26,3","26,3",0
26,A,DENIS,ATALANTA,"26,0","26,0",0
424,A,EDER,SAMPDORIA,"25,6","25,6",0
400,A,ITURBE,ROMA,"25,5","25,5",0
102,A,PALOSCHI,CHIEVO,"25,5","25,5",0
50,A,SAU,CAGLIARI,"25,4","25,4",0
266,A,KLOSE,LAZIO,"25,1","25,1",0
255,C,CANDREVA,LAZIO,"24,8","24,8",0
350,A,HERNANDEZ,PALERMO,"24,5","24,5",0
290,A,EL SHAARAWY,MILAN,"24,4","24,4",0
399,A,GERVINHO,ROMA,"24,3","24,3",0
373,A,CASSANO,PARMA,"24,2","24,2",0
235,C,VIDAL,JUVENTUS,"24,2","24,2",0
234,C,POGBA,JUVENTUS,"23,9","23,9",0
142,C,CUADRADO,FIORENTINA,"23,4","23,4",0
316,C,MERTENS,NAPOLI,"23,4","23,4",0
426,A,GABBIADINI,SAMPDORIA,"23,2","23,2",0
182,A,MATRI,GENOA,"23,1","23,1",0
47,A,IBARBO,CAGLIARI,"22,8","22,8",0
454,A,ZAZA,SASSUOLO,"22,8","22,8",0
313,C,HAMSIK,NAPOLI,"22,5","22,5",0
423,A,BERGESSIO,SAMPDORIA,"22,4","22,4",0
265,A,KEITA B.,LAZIO,"22,3","22,3",0
394,C,PJANIC,ROMA,"22,1","22,1",0
319,A,INSIGNE,NAPOLI,"22,1","22,1",0
513,A,THEREAU,UDINESE,"20,0","20,0",0
100,A,MAXI LOPEZ,CHIEVO,"20,0","20,0",0
140,C,BORJA VALERO,FIORENTINA,"20,0","20,0",0
453,A,SANSONE N.,SASSUOLO,"19,8","19,8",0
512,A,MURIEL,UDINESE,"19,5","19,5",0
199,C,HERNANES,INTER,"19,3","19,3",0
709,A,OSVALDO,INTER,"19,2","19,2",0
233,C,PIRLO,JUVENTUS,"19,0","19,0",0
73,A,MARILUNGO,CESENA,"18,8","18,8",0
372,A,BELFODIL,PARMA,"18,8","18,8",0
211,P,BUFFON,JUVENTUS,"18,7","18,7",0
395,C,STROOTMAN,ROMA,"18,6","18,6",0
401,A,LJAJIC,ROMA,"18,4","18,4",0
238,A,MORATA,JUVENTUS,"18,1","18,1",0
292,A,MENEZ,MILAN,"17,9","17,9",0
535,A,JUANITO GOMEZ,VERONA,"17,8","17,8",0
122,A,MACCARONE,EMPOLI,"17,8","17,8",0
365,C,BIABIANY,PARMA,"17,7","17,7",0
228,C,MARCHISIO,JUVENTUS,"17,4","17,4",0
264,A,DJORDJEVIC,LAZIO,"17,4","17,4",0
389,C,DE ROSSI,ROMA,"17,3","17,3",0
376,P,DE SANCTIS,ROMA,"17,2","17,2",0
17,C,BONAVENTURA,ATALANTA,"17,2","17,2",0
349,A,DYBALA,PALERMO,"17,1","17,1",0
138,C,AQUILANI,FIORENTINA,"16,9","16,9",0
220,D,LICHTSTEINER,JUVENTUS,"16,8","16,8",0
294,A,PAZZINI,MILAN,"16,5","16,5",0
236,A,GIOVINCO,JUVENTUS,"16,4","16,4",0
124,A,TAVANO,EMPOLI,"16,4","16,4",0
183,P,HANDANOVIC,INTER,"16,3","16,3",0
382,D,BENATIA,ROMA,"16,3","16,3",0
470,C,EL KADDOURI,TORINO,"16,1","16,1",0
263,C,PAROLO,LAZIO,"15,4","15,4",0
320,A,MICHU,NAPOLI,"15,3","15,3",0
371,A,AMAURI,PARMA,"15,1","15,1",0
707,A,BIANCHI,ATALANTA,"14,9","14,9",0
296,P,RAFAEL CABRAL,NAPOLI,"14,8","14,8",0
323,A,ZAPATA D.,NAPOLI,"14,7","14,7",0
390,C,FLORENZI,ROMA,"14,7","14,7",0
427,A,OKAKA,SAMPDORIA,"14,7","14,7",0
49,A,PINILLA,GENOA,"14,7","14,7",0
214,D,BARZAGLI,JUVENTUS,"14,5","14,5",0
200,C,KOVACIC,INTER,"14,3","14,3",0
766,C,KONE,UDINESE,"14,3","14,3",0
125,P,NETO,FIORENTINA,"14,2","14,2",0
134,D,RODRIGUEZ GO.,FIORENTINA,"14,1","14,1",0
502,C,BRUNO FERNANDES,UDINESE,"14,1","14,1",0
511,A,LOPEZ N.,UDINESE,"13,8","13,8",0
217,D,CHIELLINI,JUVENTUS,"13,8","13,8",0
158,P,PERIN,GENOA,"13,7","13,7",0
285,C,MONTOLIVO,MILAN,"13,7","13,7",0
25,A,BOAKYE,ATALANTA,"13,7","13,7",0
386,D,MAICON,ROMA,"13,7","13,7",0
315,C,JORGINHO,NAPOLI,"13,6","13,6",0
348,A,BELOTTI,PALERMO,"13,6","13,6",0
525,C,CHRISTODOULOPOULOS,VERONA,"13,6","13,6",0
529,C,JANKOVIC,VERONA,"13,6","13,6",0
307,D,ZUNIGA,NAPOLI,"13,5","13,5",0
351,P,MIRANTE,PARMA,"13,4","13,4",0
347,C,VAZQUEZ,PALERMO,"13,4","13,4",0
48,A,LONGO,CAGLIARI,"13,4","13,4",0
240,P,MARCHETTI,LAZIO,"13,3","13,3",0
314,C,INLER,NAPOLI,"13,3","13,3",0
311,C,DZEMAILI,NAPOLI,"13,3","13,3",0
536,A,NENE',VERONA,"13,3","13,3",0
451,A,FLORO FLORES,SASSUOLO,"13,3","13,3",0
740,P,DIEGO LOPEZ,MILAN,"13,2","13,2",0
260,C,LULIC,LAZIO,"13,2","13,2",0
161,D,ANTONELLI,GENOA,"12,8","12,8",0
197,C,ALVAREZ,INTER,"12,8","12,8",0
392,C,NAINGGOLAN,ROMA,"12,8","12,8",0
243,D,BASTA,LAZIO,"12,7","12,7",0
1,P,CONSIGLI,ATALANTA,"12,7","12,7",0
362,D,PALETTA,PARMA,"12,6","12,6",0
481,P,SCUFFET,UDINESE,"12,6","12,6",0
287,C,POLI,MILAN,"12,5","12,5",0
232,C,PEREYRA,JUVENTUS,"12,4","12,4",0
198,C,GUARIN,INTER,"12,4","12,4",0
23,C,MORALEZ,ATALANTA,"12,4","12,4",0
478,A,LARRONDO,TORINO,"12,3","12,3",0
409,D,DE SILVESTRI,SAMPDORIA,"12,2","12,2",0
455,P,PADELLI,TORINO,"12,1","12,1",0
712,P,VIVIANO,SAMPDORIA,"12,1","12,1",0
196,D,VIDIC,INTER,"12,0","12,0",0
284,C,HONDA,MILAN,"11,9","11,9",0
429,P,PEGOLO,SASSUOLO,"11,8","11,8",0
193,D,NAGATOMO,INTER,"11,8","11,8",0
173,C,FETFATZIDIS,GENOA,"11,8","11,8",0
148,C,PIZARRO,FIORENTINA,"11,7","11,7",0
324,P,SORRENTINO,PALERMO,"11,7","11,7",0
404,P,DA COSTA,SAMPDORIA,"11,6","11,6",0
397,A,BORRIELLO,ROMA,"11,6","11,6",0
514,P,RAFAEL,VERONA,"11,6","11,6",0
46,A,CAIO RANGEL,CAGLIARI,"11,5","11,5",0
40,C,COSSU,CAGLIARI,"11,4","11,4",0
268,P,ABBIATI,MILAN,"11,4","11,4",0
531,C,ROMULO,JUVENTUS,"11,4","11,4",0
450,A,FLOCCARI,SASSUOLO,"11,3","11,3",0
299,D,ALBIOL,NAPOLI,"11,3","11,3",0
176,C,KUCKA,GENOA,"11,3","11,3",0
144,C,ILICIC,FIORENTINA,"11,3","11,3",0
215,D,BONUCCI,JUVENTUS,"11,2","11,2",0
428,A,SANSONE G.,SAMPDORIA,"11,2","11,2",0
421,C,SORIANO,SAMPDORIA,"11,2","11,2",0
384,D,COLE,ROMA,"11,1","11,1",0
459,D,DARMIAN,TORINO,"11,1","11,1",0
278,D,RAMI,MILAN,"11,1","11,1",0
132,D,PASQUAL,FIORENTINA,"11,1","11,1",0
383,D,CASTAN,ROMA,"11,0","11,0",0
282,C,DE JONG,MILAN,"10,9","10,9",0
90,C,BIRSA,CHIEVO,"10,8","10,8",0
76,P,BARDI,CHIEVO,"10,6","10,6",0
136,D,SAVIC,FIORENTINA,"10,6","10,6",0
20,C,CIGARINI,ATALANTA,"10,5","10,5",0
219,D,EVRA,JUVENTUS,"10,5","10,5",0
248,D,DE VRIJ,LAZIO,"10,5","10,5",0
190,D,JONATHAN,INTER,"10,4","10,4",0
391,C,KEITA S.,ROMA,"10,4","10,4",0
452,A,PAVOLETTI,SASSUOLO,"10,4","10,4",0
495,D,HEURTAUX,UDINESE,"10,3","10,3",0
70,A,DEFREL,CESENA,"10,3","10,3",0
273,D,ALEX,MILAN,"10,2","10,2",0
321,A,PANDEV,NAPOLI,"10,1","10,1",0
322,A,VARGAS E.,NAPOLI,"10,0","10,0",0
396,C,UCAN,ROMA,"9,9","9,9",0
465,D,MOLINARO,TORINO,"9,9","9,9",0
276,D,DE SCIGLIO,MILAN,"9,9","9,9",0
37,C,ADRYAN,CAGLIARI,"9,9","9,9",0
257,C,FELIPE ANDERSON,LAZIO,"9,8","9,8",0
380,D,ASTORI,ROMA,"9,8","9,8",0
359,D,LUCARELLI,PARMA,"9,8","9,8",0
39,C,CONTI,CAGLIARI,"9,7","9,7",0
103,A,PELLISSIER,CHIEVO,"9,6","9,6",0
149,C,VARGAS J.,FIORENTINA,"9,6","9,6",0
354,D,CASSANI,PARMA,"9,6","9,6",0
302,D,GHOULAM,NAPOLI,"9,6","9,6",0
346,C,RIGONI,PALERMO,"9,5","9,5",0
527,C,HALLFREDSSON,VERONA,"9,5","9,5",0
259,C,LEDESMA,LAZIO,"9,5","9,5",0
14,D,STENDARDO,ATALANTA,"9,4","9,4",0
534,A,CHANTURIA,VERONA,"9,4","9,4",0
446,C,KURTIC,SASSUOLO,"9,4","9,4",0
338,C,BARRETO E.,PALERMO,"9,3","9,3",0
374,A,PALLADINO,PARMA,"9,3","9,3",0
120,C,VERDI,EMPOLI,"9,3","9,3",0
252,D,RADU,LAZIO,"9,3","9,3",0
204,C,M'VILA,INTER,"9,3","9,3",0
194,D,RANOCCHIA,INTER,"9,2","9,2",0
286,C,MUNTARI,MILAN,"9,2","9,2",0
154,A,BERNARDESCHI,FIORENTINA,"9,1","9,1",0
63,C,CASCIONE,CESENA,"9,1","9,1",0
442,D,VRSALJKO,SASSUOLO,"9,1","9,1",0
713,C,MEDEL,INTER,"9,1","9,1",0
177,C,PEROTTI,GENOA,"9,0","9,0",0
170,C,BERTOLACCI,GENOA,"9,0","9,0",0
172,C,IAGO FALQUE,GENOA,"8,8","8,8",0
281,C,CRISTANTE,MILAN,"8,8","8,8",0
261,C,MAURI,LAZIO,"8,8","8,8",0
129,D,BASANTA,FIORENTINA,"8,8","8,8",0
532,C,SALA,VERONA,"8,8","8,8",0
705,D,MARQUEZ,VERONA,"8,8","8,8",0
415,C,CAMPANA,SAMPDORIA,"8,8","8,8",0
471,C,FARNERUD,TORINO,"8,7","8,7",0
112,D,RUGANI,EMPOLI,"8,7","8,7",0
94,C,HETEMAJ,CHIEVO,"8,6","8,6",0
476,A,BARRETO P.,TORINO,"8,6","8,6",0
489,D,DANILO,UDINESE,"8,6","8,6",0
500,C,ALLAN,UDINESE,"8,5","8,5",0
425,A,FEDATO,SAMPDORIA,"8,5","8,5",0
303,D,HENRIQUE,NAPOLI,"8,5","8,5",0
419,C,PALOMBO,SAMPDORIA,"8,4","8,4",0
88,C,BELLOMO,CHIEVO,"8,4","8,4",0
271,D,ABATE,MILAN,"8,4","8,4",0
225,C,ASAMOAH,JUVENTUS,"8,4","8,4",0
174,C,GRECO,GENOA,"8,3","8,3",0
121,A,AGUIRRE,EMPOLI,"8,3","8,3",0
51,P,LEALI,CESENA,"8,3","8,3",0
16,C,BASELLI,ATALANTA,"8,3","8,3",0
473,C,NOCERINO,TORINO,"8,3","8,3",0
494,D,GABRIEL SILVA,UDINESE,"8,2","8,2",0
364,C,ACQUAH,PARMA,"8,2","8,2",0
368,C,MARCHIONNI,PARMA,"8,2","8,2",0
19,C,CARMONA,ATALANTA,"8,2","8,2",0
104,P,BASSI,EMPOLI,"8,2","8,2",0
191,D,JUAN JESUS,INTER,"8,2","8,2",0
375,A,POZZI,PARMA,"8,1","8,1",0
417,C,KRSTICIC,SAMPDORIA,"8,1","8,1",0
490,D,DOMIZZI,UDINESE,"8,1","8,1",0
447,C,MAGNANELLI,SASSUOLO,"7,9","7,9",0
69,C,ZE' EDUARDO,CESENA,"7,9","7,9",0
44,C,EKDAL,CAGLIARI,"7,8","7,8",0
81,D,DAINELLI,CHIEVO,"7,8","7,8",0
145,C,JOAQUIN,FIORENTINA,"7,8","7,8",0
411,D,GASTALDELLO,SAMPDORIA,"7,8","7,8",0
358,D,GOBBI,PARMA,"7,8","7,8",0
418,C,OBIANG,SAMPDORIA,"7,7","7,7",0
463,D,MAKSIMOVIC,TORINO,"7,7","7,7",0
101,A,MEGGIORINI,CHIEVO,"7,7","7,7",0
254,C,BIGLIA,LAZIO,"7,6","7,6",0
413,D,REGINI,SAMPDORIA,"7,6","7,6",0
366,C,GALLOPPA,PARMA,"7,6","7,6",0
301,D,FERNANDEZ F.,NAPOLI,"7,6","7,6",0
345,C,QUAISON,PALERMO,"7,5","7,5",0
461,D,GLIK,TORINO,"7,5","7,5",0
440,D,PELUSO,SASSUOLO,"7,5","7,5",0
506,C,PINZI,UDINESE,"7,5","7,5",0
245,D,CANA,LAZIO,"7,5","7,5",0
166,D,MARCHESE,GENOA,"7,4","7,4",0
143,C,FERNANDEZ M.,FIORENTINA,"7,4","7,4",0
93,C,IZCO,CHIEVO,"7,4","7,4",0
41,C,CRISETIG,CAGLIARI,"7,4","7,4",0
11,D,DRAME',ATALANTA,"7,4","7,4",0
333,D,MUNOZ,PALERMO,"7,4","7,4",0
304,D,KOULIBALY,NAPOLI,"7,3","7,3",0
499,D,WIDMER,UDINESE,"7,3","7,3",0
208,A,BOTTA,INTER,"7,3","7,3",0
503,C,GUILHERME,UDINESE,"7,2","7,2",0
444,C,BRIGHI,SASSUOLO,"7,2","7,2",0
708,D,CAPUANO,CAGLIARI,"7,1","7,1",0
524,C,TACHTSIDIS,VERONA,"7,1","7,1",0
67,C,GIORGI,CESENA,"7,1","7,1",0
84,D,GAMBERINI,CHIEVO,"7,1","7,1",0
137,D,TOMOVIC,FIORENTINA,"7,1","7,1",0
168,D,ROSI,GENOA,"6,9","6,9",0
469,C,BENASSI,TORINO,"6,9","6,9",0
406,P,ROMERO,SAMPDORIA,"6,8","6,8",0
189,D,DODO',INTER,"6,8","6,8",0
283,C,ESSIEN,MILAN,"6,8","6,8",0
115,C,GUARENTE,EMPOLI,"6,8","6,8",0
36,D,ROSSETTINI,CAGLIARI,"6,8","6,8",0
335,D,TERZI,PALERMO,"6,7","6,7",0
407,D,CACCIATORE,SAMPDORIA,"6,6","6,6",0
522,D,MORAS,VERONA,"6,6","6,6",0
706,D,LUNA,VERONA,"6,6","6,6",0
27,P,COLOMBI,CAGLIARI,"6,6","6,6",0
42,C,DESSENA,CAGLIARI,"6,5","6,5",0
71,A,DJURIC,CESENA,"6,5","6,5",0
64,C,CAZZOLA,CESENA,"6,5","6,5",0
61,D,RENZETTI,CESENA,"6,5","6,5",0
181,C,STURARO,GENOA,"6,5","6,5",0
466,D,MORETTI,TORINO,"6,5","6,5",0
479,A,MARTINEZ,TORINO,"6,5","6,5",0
293,A,NIANG,MILAN,"6,5","6,5",0
507,C,RIERA,UDINESE,"6,4","6,4",0
441,D,TERRANOVA,SASSUOLO,"6,4","6,4",0
439,D,MANFREDINI,SASSUOLO,"6,4","6,4",0
269,P,AGAZZI,MILAN,"6,4","6,4",0
54,D,CAPELLI,CESENA,"6,4","6,4",0
146,C,LAZZARI,FIORENTINA,"6,4","6,4",0
57,D,LUCCHINI,CESENA,"6,3","6,3",0
21,C,D'ALESSANDRO,ATALANTA,"6,3","6,3",0
163,D,BURDISSO,GENOA,"6,3","6,3",0
501,C,BADU,UDINESE,"6,2","6,2",0
475,C,VIVES,TORINO,"6,2","6,2",0
340,C,CHOCHEV,PALERMO,"6,1","6,1",0
5,D,BENALOUANE,ATALANTA,"6,1","6,1",0
114,C,CROCE,EMPOLI,"6,1","6,1",0
6,D,BIAVA,ATALANTA,"6,0","6,0",0
436,D,CANNAVARO,SASSUOLO,"6,0","6,0",0
521,D,MARTIC,VERONA,"5,9","5,9",0
99,A,FARIAS,CAGLIARI,"5,9","5,9",0
171,C,COFIE,GENOA,"5,8","5,8",0
151,C,WOLSKI,FIORENTINA,"5,8","5,8",0
434,D,ARIAUDO,SASSUOLO,"5,8","5,8",0
332,D,MORGANELLA,PALERMO,"5,8","5,8",0
305,D,MAGGIO,NAPOLI,"5,8","5,8",0
339,C,BOLZONI,PALERMO,"5,7","5,7",0
381,D,BALZARETTI,ROMA,"5,7","5,7",0
164,D,DE MAIO,GENOA,"5,7","5,7",0
216,D,CACERES,JUVENTUS,"5,7","5,7",0
18,C,BRIENZA,CESENA,"5,7","5,7",0
12,D,RAIMONDI,ATALANTA,"5,6","5,6",0
113,D,TONELLI,EMPOLI,"5,6","5,6",0
416,C,DUNCAN,SAMPDORIA,"5,6","5,6",0
523,D,RODRIGUEZ GU.,VERONA,"5,6","5,6",0
710,C,SANCHEZ MINO,TORINO,"5,5","5,5",0
485,D,ARMERO,MILAN,"5,5","5,5",0
448,C,MISSIROLI,SASSUOLO,"5,5","5,5",0
458,D,BOVO,TORINO,"5,5","5,5",0
388,D,TOROSIDIS,ROMA,"5,5","5,5",0
327,D,ANDELKOVIC,PALERMO,"5,5","5,5",0
141,C,BRILLANTE,FIORENTINA,"5,5","5,5",0
34,D,MURRU,CAGLIARI,"5,5","5,5",0
150,C,VECINO,EMPOLI,"5,5","5,5",0
258,C,GONZALEZ ALV.,LAZIO,"5,5","5,5",0
79,D,BIRAGHI,CHIEVO,"5,4","5,4",0
288,C,SAPONARA,MILAN,"5,3","5,3",0
188,D,D'AMBROSIO,INTER,"5,3","5,3",0
329,D,LAZAAR,PALERMO,"5,3","5,3",0
343,C,MARESCA,PALERMO,"5,3","5,3",0
474,C,RUBEN PEREZ,TORINO,"5,3","5,3",0
482,P,BRKIC,UDINESE,"5,3","5,3",0
520,D,MARQUES,VERONA,"5,3","5,3",0
443,C,BIONDINI,SASSUOLO,"5,2","5,2",0
402,A,SANABRIA,ROMA,"5,2","5,2",0
86,D,SARDO,CHIEVO,"5,2","5,2",0
89,C,BENTIVOGLIO,CHIEVO,"5,2","5,2",0
119,C,VALDIFIORI,EMPOLI,"5,2","5,2",0
241,P,BERISHA,LAZIO,"5,1","5,1",0
517,D,AGOSTINI,VERONA,"5,1","5,1",0
528,C,IONITA,VERONA,"5,1","5,1",0
530,C,OBBADI,VERONA,"5,0","5,0",0
526,C,DONATI,VERONA,"4,8","4,8",0
432,D,ACERBI,SASSUOLO,"4,8","4,8",0
229,C,MARRONE,JUVENTUS,"4,8","4,8",0
256,C,EDERSON,LAZIO,"4,8","4,8",0
7,D,BRIVIO,ATALANTA,"4,8","4,8",0
98,C,RADOVANOVIC,CHIEVO,"4,7","4,7",0
192,D,MBAYE,INTER,"4,7","4,7",0
222,D,OGBONNA,JUVENTUS,"4,6","4,6",0
108,D,HYSAJ,EMPOLI,"4,6","4,6",0
92,C,GUANA,CHIEVO,"4,6","4,6",0
15,D,ZAPPACOSTA,ATALANTA,"4,6","4,6",0
31,D,BALZANO,CAGLIARI,"4,6","4,6",0
32,D,BENEDETTI,CAGLIARI,"4,5","4,5",0
75,A,SUCCI,CESENA,"4,5","4,5",0
206,C,SCHELOTTO,INTER,"4,5","4,5",0
408,D,COSTA,SAMPDORIA,"4,5","4,5",0
508,C,ZAPATA A.,UDINESE,"4,5","4,5",0
179,C,RINCON,GENOA,"4,4","4,4",0
244,D,BRAAFHEID,LAZIO,"4,4","4,4",0
82,D,EDIMAR,CHIEVO,"4,4","4,4",0
135,D,RONCAGLIA,FIORENTINA,"4,4","4,4",0
65,C,COPPOLA,CESENA,"4,4","4,4",0
280,D,ZAPATA C.,MILAN,"4,3","4,3",0
277,D,MEXES,MILAN,"4,2","4,2",0
223,D,SORENSEN,JUVENTUS,"4,2","4,2",0
187,D,CAMPAGNARO,INTER,"4,2","4,2",0
62,D,VOLTA,CESENA,"4,2","4,2",0
35,D,PISANO F.,CAGLIARI,"4,2","4,2",0
83,D,FREY,CHIEVO,"4,2","4,2",0
367,C,JORQUERA,PARMA,"4,2","4,2",0
498,D,WAGUE,UDINESE,"4,1","4,1",0
9,D,CHERUBIN,ATALANTA,"4,1","4,1",0
68,C,TABANELLI,CESENA,"4,1","4,1",0
109,D,LAURINI,EMPOLI,"4,0","4,0",0
97,C,MANGANI,CHIEVO,"4,0","4,0",0
704,D,PIRIS,UDINESE,"4,0","4,0",0
361,D,MESBAH,PARMA,"4,0","4,0",0
385,D,EMANUELSON,ROMA,"3,8","3,8",0
334,D,PISANO E.,PALERMO,"3,8","3,8",0
357,D,FELIPE,PARMA,"3,8","3,8",0
96,C,LAZAREVIC,CHIEVO,"3,8","3,8",0
10,D,DEL GROSSO,ATALANTA,"3,8","3,8",0
267,A,PEREA,LAZIO,"3,8","3,8",0
162,D,ANTONINI,GENOA,"3,7","3,7",0
22,C,MIGLIACCIO,ATALANTA,"3,7","3,7",0
118,C,SIGNORELLI,EMPOLI,"3,7","3,7",0
330,D,MANTOVANI,PALERMO,"3,7","3,7",0
331,D,MILANOVIC,PALERMO,"3,7","3,7",0
328,D,DAPRELA',PALERMO,"3,7","3,7",0
291,A,MASTOUR,MILAN,"3,6","3,6",0
433,D,ANTEI,SASSUOLO,"3,6","3,6",0
30,D,AVELAR,CAGLIARI,"3,6","3,6",0
153,A,BABACAR,FIORENTINA,"3,6","3,6",0
165,D,IZZO,GENOA,"3,6","3,6",0
147,C,OCTAVIO,FIORENTINA,"3,5","3,5",0
110,D,MARIO RUI,EMPOLI,"3,5","3,5",0
387,D,ROMAGNOLI,ROMA,"3,5","3,5",0
509,C,ZIELINSKI,UDINESE,"3,5","3,5",0
492,D,EDENILSON,GENOA,"3,4","3,4",0
519,D,GONZALEZ ALE.,VERONA,"3,4","3,4",0
300,D,BRITOS,NAPOLI,"3,4","3,4",0
87,D,ZUKANOVIC,CHIEVO,"3,4","3,4",0
85,D,PAPP,CHIEVO,"3,4","3,4",0
72,A,GARRITANO,CESENA,"3,4","3,4",0
56,D,KRAJNC,CESENA,"3,4","3,4",0
60,D,PERICO,CESENA,"3,3","3,3",0
186,D,ANDREOLLI,INTER,"3,3","3,3",0
422,C,WSZOLEK,SAMPDORIA,"3,3","3,3",0
445,C,CHIBSAH,SASSUOLO,"3,3","3,3",0
464,D,MASIELLO,TORINO,"3,3","3,3",0
491,D,DOUGLAS SANTOS,UDINESE,"3,2","3,2",0
312,C,GARGANO,NAPOLI,"3,2","3,2",0
178,C,RAGUSA,GENOA,"3,2","3,2",0
247,D,CIANI,LAZIO,"3,2","3,2",0
262,C,ONAZI,LAZIO,"3,1","3,1",0
493,D,FARAONI,UDINESE,"3,1","3,1",0
496,D,NALDO,UDINESE,"3,1","3,1",0
468,C,BASHA,TORINO,"3,0","3,0",0
249,D,KONKO,LAZIO,"3,0","3,0",0
202,C,KUZMANOVIC,INTER,"3,0","3,0",0
169,D,SAMPIRISI,GENOA,"2,8","2,8",0
467,D,VESOVIC,TORINO,"2,8","2,8",0
462,D,JANSSON,TORINO,"2,8","2,8",0
487,D,BUBNJIC,UDINESE,"2,8","2,8",0
306,D,MESTO,NAPOLI,"2,8","2,8",0
342,C,DI GENNARO,PALERMO,"2,8","2,8",0
410,D,FORNASIER,SAMPDORIA,"2,8","2,8",0
438,D,LONGHI,SASSUOLO,"2,7","2,7",0
167,D,PORTANOVA,GENOA,"2,7","2,7",0
203,C,LAXALT,EMPOLI,"2,6","2,6",0
218,D,DE CEGLIE,JUVENTUS,"2,6","2,6",0
195,D,SILVESTRE,INTER,"2,6","2,6",0
66,C,DE FEUDIS,CESENA,"2,6","2,6",0
80,D,CESAR,CHIEVO,"2,6","2,6",0
460,D,GASTON SILVA,TORINO,"2,6","2,6",0
205,C,OBI,INTER,"2,5","2,5",0
274,D,BONERA,MILAN,"2,5","2,5",0
250,D,NOVARETTI,LAZIO,"2,4","2,4",0
221,D,MOTTA,JUVENTUS,"2,4","2,4",0
58,D,MAGNUSSON,CESENA,"2,4","2,4",0
486,D,BELMONTE,UDINESE,"2,4","2,4",0
533,C,VALOTI,VERONA,"2,4","2,4",0
488,D,CODA,UDINESE,"2,3","2,3",0
472,C,GAZZI,TORINO,"2,3","2,3",0
437,D,GAZZOLA,SASSUOLO,"2,3","2,3",0
393,C,PAREDES,ROMA,"2,3","2,3",0
360,D,MENDES,PARMA,"2,3","2,3",0
74,A,RODRIGUEZ A.,CESENA,"2,3","2,3",0
38,C,CABRERA,CAGLIARI,"2,3","2,3",0
43,C,DONSAH,CAGLIARI,"2,3","2,3",0
230,C,PADOIN,JUVENTUS,"2,3","2,3",0
251,D,PEREIRINHA,LAZIO,"2,3","2,3",0
253,D,VINICIUS,LAZIO,"2,3","2,3",0
201,C,KRHIN,INTER,"2,3","2,3",0
414,D,SALAMON,SAMPDORIA,"2,2","2,2",0
497,D,PASQUALE,UDINESE,"2,2","2,2",0
272,D,ALBERTAZZI,MILAN,"2,1","2,1",0
4,D,BELLINI,ATALANTA,"2,1","2,1",0
59,D,NICA,CESENA,"2,1","2,1",0
116,C,MORO,EMPOLI,"2,1","2,1",0
123,A,MCHEDLIDZE,EMPOLI,"2,0","2,0",0
95,C,KUPISZ,CHIEVO,"2,0","2,0",0
430,P,POLITO,SASSUOLO,"1,9","1,9",0
352,P,CORDAZ,PARMA,"1,9","1,9",0
310,C,DONADEL,NAPOLI,"1,8","1,8",0
317,C,RADOSEVIC,NAPOLI,"1,8","1,8",0
431,P,POMINI,SASSUOLO,"1,8","1,8",0
117,C,PUCCIARELLI,EMPOLI,"1,8","1,8",0
2,P,FREZZOLINI,ATALANTA,"1,8","1,8",0
242,P,STRAKOSHA,LAZIO,"1,8","1,8",0
212,P,RUBINHO,JUVENTUS,"1,8","1,8",0
246,D,CAVANDA,LAZIO,"1,7","1,7",0
224,D,ZIEGLER,JUVENTUS,"1,7","1,7",0
13,D,SCALONI,ATALANTA,"1,7","1,7",0
52,P,AGLIARDI,CESENA,"1,7","1,7",0
107,D,BARBA,EMPOLI,"1,7","1,7",0
131,D,HEGAZY,FIORENTINA,"1,7","1,7",0
298,P,COLOMBO,NAPOLI,"1,7","1,7",0
337,C,BACINOVIC,PALERMO,"1,7","1,7",0
504,C,JADSON,UDINESE,"1,7","1,7",0
515,P,MIHAYLOV,VERONA,"1,7","1,7",0
457,P,GILLET,TORINO,"1,6","1,6",0
355,D,CEPPITELLI,CAGLIARI,"1,6","1,6",0
326,P,UJKANI,PALERMO,"1,6","1,6",0
379,P,SKORUPSKI,ROMA,"1,6","1,6",0
377,P,CURCI,ROMA,"1,6","1,6",0
128,D,MARCOS ALONSO,FIORENTINA,"1,6","1,6",0
111,D,MARTINELLI,EMPOLI,"1,6","1,6",0
78,P,SQUIZZI,CHIEVO,"1,6","1,6",0
53,P,BRESSAN,CESENA,"1,6","1,6",0
3,P,SPORTIELLO,ATALANTA,"1,6","1,6",0
226,C,COMAN,JUVENTUS,"1,6","1,6",0
213,P,STORARI,JUVENTUS,"1,5","1,5",0
159,P,BIZZARRI,GENOA,"1,5","1,5",0
29,P,CRAGNO,CAGLIARI,"1,5","1,5",0
55,D,INGEGNERI,CESENA,"1,5","1,5",0
45,C,ERIKSSON,CAGLIARI,"1,5","1,5",0
126,P,LUPATELLI,FIORENTINA,"1,5","1,5",0
378,P,LOBONT,ROMA,"1,5","1,5",0
353,P,IACOBUCCI,PARMA,"1,5","1,5",0
344,C,N'GOYI,PALERMO,"1,5","1,5",0
483,P,BENUSSI,UDINESE,"1,5","1,5",0
736,C,CATALDI,LAZIO,"1,4","1,4",0
127,P,TATARUSANU,FIORENTINA,"1,4","1,4",0
711,C,SPINAZZOLA,ATALANTA,"1,3","1,3",0
484,P,KELAVA,UDINESE,"1,3","1,3",0
325,P,FULIGNATI,PALERMO,"1,3","1,3",0
297,P,ANDUJAR,NAPOLI,"1,2","1,2",0
341,C,DELLA ROCCA,PALERMO,"1,2","1,2",0
336,D,VITIELLO,PALERMO,"1,2","1,2",0
356,D,FEDDAL,PALERMO,"1,2","1,2",0
363,D,RISTOVSKI,PARMA,"1,2","1,2",0
749,C,MAURI J.,PARMA,"1,2","1,2",0
761,P,GOLLINI,VERONA,"1,2","1,2",0
518,D,BIANCHETTI,EMPOLI,"1,2","1,2",0
28,P,CARBONI,CAGLIARI,"1,2","1,2",0
175,C,IMPROTA,GENOA,"1,2","1,2",0
279,D,ZACCARDO,MILAN,"1,2","1,2",0
231,C,PEPE,JUVENTUS,"1,1","1,1",0
180,C,SANTANA,GENOA,"1,1","1,1",0
160,P,LAMANNA,GENOA,"1,1","1,1",0
152,C,YAKOVENKO,FIORENTINA,"1,1","1,1",0
184,P,BERNI,INTER,"1,1","1,1",0
185,P,CARRIZO,INTER,"1,1","1,1",0
133,D,PICCINI,FIORENTINA,"1,1","1,1",0
77,P,PUGGIONI,CHIEVO,"1,1","1,1",0
105,P,BIGGERI,EMPOLI,"1,1","1,1",0
106,P,SEPE,EMPOLI,"1,1","1,1",0
370,C,MUSACCI,PARMA,"1,1","1,1",0
435,D,BIANCO,SASSUOLO,"1,1","1,1",0
405,P,MASSOLO,SAMPDORIA,"1,1","1,1",0
456,P,AVRAMOV,TORINO,"1,0","1,0",0
270,P,GABRIEL,MILAN,"1,0","1,0",0
