STATISTICHE UFFICIALI 2014/2015,,,,,,,,,,,,,,,,,,,,
Solo su WWW.FANTAGAZZETTA.COMi voti alle prime luci dell'alba,,,,,,,,,,,,,,,,,,,,
,,,,,,,,,,,,,,,,,,,,
Codice,Ruolo,Calciatore,Squadra,P,Amm,Esp,Gf,Gs,assist,As,Af,Rp,R-,R+,Aut,Gv,Media Voto,Gp,FantaMedia,FantaMedia+
158,P,PERIN,GENOA,13,0,0,0,12,0,0,0,1,0,0,0,0,6.69,0,6,6
159,P,BIZZARRI,CHIEVO,4,0,0,0,2,0,0,0,0,0,0,0,0,6.5,0,6,6
52,P,AGLIARDI,CESENA,3,0,0,0,4,0,0,0,0,0,0,0,0,6.5,0,5.17,5.17
431,P,POMINI,SASSUOLO,1,0,0,0,1,0,0,0,0,0,0,0,0,6.5,0,5.5,5.5
712,P,VIVIANO,SAMPDORIA,6,0,0,0,2,0,0,0,0,0,0,0,0,6.5,0,6.17,6.17
759,P,KARNEZIS,UDINESE,13,0,0,0,17,0,0,0,1,0,0,0,0,6.46,0,5.38,5.38
211,P,BUFFON,JUVENTUS,13,0,0,0,4,0,0,0,1,0,0,0,0,6.38,0,6.31,6.31
406,P,ROMERO,SAMPDORIA,7,0,0,0,8,0,0,0,1,0,0,0,0,6.36,0,5.64,5.64
76,P,BARDI,CHIEVO,9,0,0,0,15,0,0,0,2,0,0,0,0,6.33,0,5.33,5.33
125,P,NETO,FIORENTINA,14,1,0,0,11,0,0,0,0,0,0,0,0,6.32,0,5.5,5.5
324,P,SORRENTINO,PALERMO,13,1,0,0,20,0,0,0,0,0,0,0,0,6.31,0,4.73,4.73
268,P,ABBIATI,MILAN,7,0,0,0,7,0,0,0,0,0,0,0,0,6.29,0,5.29,5.29
3,P,SPORTIELLO,ATALANTA,13,0,0,0,13,0,0,0,2,0,0,0,0,6.27,0,5.73,5.73
51,P,LEALI,CESENA,11,0,1,0,18,0,0,0,1,0,0,0,0,6.27,0,4.82,4.82
761,P,GOLLINI,VERONA,2,0,0,0,4,0,0,0,0,0,0,0,0,6.25,0,4.25,4.25
376,P,DE SANCTIS,ROMA,11,0,0,0,6,0,0,0,0,0,0,0,0,6.23,0,5.68,5.68
183,P,HANDANOVIC,INTER,13,0,0,0,19,0,0,0,3,0,0,0,0,6.23,0,5.46,5.46
240,P,MARCHETTI,LAZIO,9,2,0,0,10,0,0,0,0,0,0,0,0,6.22,0,5,5
1,P,CONSIGLI,SASSUOLO,12,1,0,0,15,0,0,0,1,0,0,0,0,6.21,0,5.17,5.17
106,P,SEPE,EMPOLI,9,0,0,0,9,0,0,0,0,0,0,1,0,6.17,0,4.94,4.94
740,P,DIEGO LOPEZ,MILAN,6,1,0,0,10,0,0,0,1,0,0,0,0,6.17,0,4.92,4.92
457,P,GILLET,TORINO,9,0,0,0,11,0,0,0,0,0,0,0,0,6.17,0,4.94,4.94
514,P,RAFAEL,VERONA,11,0,0,0,18,0,0,0,1,0,0,0,0,6.09,0,4.73,4.73
379,P,SKORUPSKI,ROMA,2,0,0,0,3,0,0,0,0,0,0,0,0,6,0,4.5,4.5
353,P,IACOBUCCI,PARMA,2,0,0,0,4,0,0,0,0,0,0,0,0,6,0,4,4
27,P,COLOMBI,CAGLIARI,2,0,0,0,3,0,0,0,0,0,0,0,0,6,0,4.5,4.5
213,P,STORARI,JUVENTUS,1,0,0,0,1,0,0,0,0,0,0,0,0,6,0,5,5
296,P,RAFAEL CABRAL,NAPOLI,13,0,0,0,16,0,0,0,0,0,0,0,0,5.96,0,4.73,4.73
29,P,CRAGNO,CAGLIARI,11,0,0,0,21,0,0,0,0,0,0,0,0,5.82,0,3.91,3.91
104,P,BASSI,EMPOLI,4,0,0,0,10,0,0,0,0,0,0,0,0,5.63,0,3.13,3.13
241,P,BERISHA,LAZIO,4,0,0,0,6,0,0,0,0,0,0,0,0,5.63,0,4.13,4.13
455,P,PADELLI,TORINO,4,0,0,0,4,0,0,0,0,0,0,0,0,5.63,0,4.63,4.63
351,P,MIRANTE,PARMA,11,2,0,0,28,0,0,0,0,0,0,0,0,5.45,0,2.82,2.82
239,A,TEVEZ,JUVENTUS,13,1,0,7,0,4,4,0,0,0,2,0,3,7,0,9.04,9.35
349,A,DYBALA,PALERMO,13,0,0,5,0,1,1,0,0,0,1,0,0,6.81,1,8.19,8.27
427,A,OKAKA,SAMPDORIA,13,2,0,2,0,1,1,0,0,0,0,0,0,6.65,0,7.04,7.12
510,A,DI NATALE,UDINESE,12,1,0,7,0,1,1,0,0,0,0,0,2,6.63,0,8.33,8.42
403,A,TOTTI,ROMA,9,4,0,0,0,4,4,0,0,0,2,0,0,6.5,0,6.94,7.39
323,A,ZAPATA D.,NAPOLI,2,0,0,2,0,0,0,0,0,0,0,0,0,6.5,1,9.5,9.5
238,A,MORATA,JUVENTUS,8,0,1,4,0,0,0,0,0,0,0,0,0,6.5,0,7.88,7.88
46,A,CAIO RANGEL,CAGLIARI,1,0,0,0,0,0,0,0,0,0,0,0,0,6.5,0,6.5,6.5
399,A,GERVINHO,ROMA,10,1,0,2,0,3,3,0,0,0,0,0,0,6.45,0,7,7.3
709,A,OSVALDO,INTER,7,1,0,5,0,2,2,0,0,0,0,0,1,6.36,0,8.43,8.71
319,A,INSIGNE,NAPOLI,10,0,0,1,0,0,0,0,0,0,0,0,0,6.35,0,6.65,6.65
182,A,MATRI,GENOA,10,1,0,6,0,4,4,0,0,1,0,0,3,6.35,0,7.8,8.2
398,A,DESTRO,ROMA,9,1,0,4,0,0,0,0,0,0,0,0,3,6.28,0,7.56,7.56
426,A,GABBIADINI,SAMPDORIA,9,2,0,4,0,1,1,0,0,0,0,0,3,6.28,0,7.5,7.61
50,A,SAU,CAGLIARI,11,2,0,4,0,2,2,0,0,0,0,0,1,6.27,2,7.27,7.45
236,A,GIOVINCO,JUVENTUS,2,0,0,0,0,0,0,0,0,0,0,0,0,6.25,0,6.25,6.25
401,A,LJAJIC,ROMA,8,0,0,4,0,2,2,0,0,0,0,0,0,6.25,0,7.75,8
816,A,SAVIOLA,VERONA,2,0,0,0,0,1,1,0,0,0,0,0,0,6.25,0,6.25,6.75
292,A,MENEZ,MILAN,13,0,0,3,0,0,0,0,0,0,4,0,2,6.23,1,7.85,7.85
424,A,EDER,SAMPDORIA,13,1,0,3,0,0,0,0,0,0,0,0,0,6.23,0,6.88,6.88
47,A,IBARBO,CAGLIARI,11,3,1,2,0,2,2,0,0,0,0,0,0,6.23,0,6.55,6.73
511,A,LOPEZ N.,VERONA,9,1,0,4,0,0,0,0,0,0,0,0,0,6.22,1,7.5,7.5
122,A,MACCARONE,EMPOLI,10,1,0,2,0,2,2,0,0,0,0,0,2,6.2,0,6.75,6.95
264,A,DJORDJEVIC,LAZIO,13,1,0,6,0,0,0,0,0,0,0,0,2,6.19,0,7.54,7.54
49,A,PINILLA,GENOA,9,1,0,3,0,0,0,0,0,1,0,0,2,6.17,0,6.78,6.78
318,A,HIGUAIN,NAPOLI,13,1,0,6,0,3,3,0,0,2,1,0,3,6.15,1,7.27,7.5
153,A,BABACAR,FIORENTINA,11,2,0,4,0,0,0,0,0,0,0,0,2,6.14,1,7.14,7.14
103,A,PELLISSIER,CHIEVO,4,0,0,2,0,0,0,0,0,0,0,0,1,6.13,0,7.63,7.63
480,A,QUAGLIARELLA,TORINO,13,2,0,4,0,0,0,0,0,0,0,0,2,6.12,0,6.96,6.96
538,A,TONI,VERONA,13,0,0,1,0,2,2,0,0,1,2,0,0,6.12,1,6.58,6.73
74,A,RODRIGUEZ A.,CESENA,5,1,0,1,0,0,0,0,0,0,1,0,1,6.1,0,7.2,7.2
102,A,PALOSCHI,CHIEVO,11,0,0,2,0,1,1,0,0,0,0,0,0,6.05,0,6.59,6.68
209,A,ICARDI,INTER,12,0,0,5,0,1,1,0,0,0,2,0,3,6.04,0,7.79,7.88
208,A,BOTTA,CHIEVO,3,0,0,0,0,0,0,0,0,0,0,0,0,6,0,6,6
73,A,MARILUNGO,CESENA,8,0,0,1,0,0,0,0,0,0,0,0,0,6,0,6.38,6.38
75,A,SUCCI,CESENA,2,1,0,1,0,0,0,0,0,0,0,0,0,6,0,7.25,7.25
373,A,CASSANO,PARMA,12,0,0,4,0,2,2,0,0,0,1,0,1,5.96,0,7.21,7.38
449,A,BERARDI,SASSUOLO,10,3,1,2,0,3,3,0,0,1,1,0,0,5.95,0,6.3,6.6
513,A,THEREAU,UDINESE,11,1,0,4,0,0,0,0,0,0,0,0,1,5.91,0,6.95,6.95
124,A,TAVANO,EMPOLI,10,1,0,1,0,1,1,0,0,0,1,0,0,5.9,0,6.45,6.55
450,A,FLOCCARI,SASSUOLO,9,0,0,2,0,0,0,0,0,0,0,0,1,5.89,0,6.56,6.56
237,A,LLORENTE,JUVENTUS,13,0,0,3,0,0,0,0,0,0,0,0,1,5.88,0,6.58,6.58
154,A,BERNARDESCHI,FIORENTINA,4,0,0,0,0,1,1,0,0,0,0,0,0,5.88,0,5.88,6.13
101,A,MEGGIORINI,CHIEVO,8,4,0,1,0,0,0,0,0,0,0,0,0,5.88,0,6,6
535,A,JUANITO GOMEZ,VERONA,12,1,0,1,0,0,0,0,0,0,0,0,0,5.88,1,6.08,6.08
99,A,FARIAS,CAGLIARI,7,1,0,3,0,0,0,0,0,0,0,0,0,5.86,1,7.07,7.07
453,A,SANSONE N.,SASSUOLO,13,1,0,1,0,2,2,0,0,0,0,0,0,5.85,0,6.04,6.19
290,A,EL SHAARAWY,MILAN,10,2,0,1,0,2,2,0,0,0,0,0,0,5.85,0,6.05,6.25
348,A,BELOTTI,PALERMO,10,0,0,2,0,0,0,0,0,0,0,0,0,5.85,1,6.45,6.45
451,A,FLORO FLORES,SASSUOLO,6,2,0,1,0,0,0,0,0,0,0,0,1,5.83,0,6.17,6.17
811,A,CODA M.,PARMA,6,1,0,2,0,1,1,0,0,0,0,0,0,5.83,0,6.75,6.92
400,A,ITURBE,ROMA,5,0,0,1,0,0,0,0,0,0,0,0,0,5.8,0,6.4,6.4
123,A,MCHEDLIDZE,EMPOLI,5,0,0,0,0,0,0,0,0,0,0,0,0,5.8,0,5.8,5.8
265,A,KEITA B.,LAZIO,5,0,0,0,0,0,0,0,0,0,0,0,0,5.8,0,5.8,5.8
371,A,AMAURI,TORINO,9,1,0,0,0,0,0,0,0,0,0,0,0,5.78,0,5.72,5.72
454,A,ZAZA,SASSUOLO,8,4,0,2,0,0,0,0,0,0,0,0,0,5.75,0,6.25,6.25
72,A,GARRITANO,CESENA,2,1,0,0,0,0,0,0,0,0,0,0,0,5.75,0,5.5,5.5
25,A,BOAKYE,ATALANTA,10,1,0,2,0,0,0,0,0,0,0,0,2,5.75,0,6.3,6.3
512,A,MURIEL,UDINESE,8,1,0,0,0,1,1,0,0,0,0,0,0,5.75,0,5.69,5.81
707,A,BIANCHI,ATALANTA,5,0,0,0,0,0,0,0,0,0,0,0,0,5.7,0,5.7,5.7
70,A,DEFREL,CESENA,10,2,0,2,0,0,0,0,0,0,0,0,0,5.7,0,6.2,6.2
266,A,KLOSE,LAZIO,8,1,0,3,0,1,1,0,0,0,0,0,2,5.69,0,6.75,6.88
71,A,DJURIC,CESENA,6,1,0,1,0,0,0,0,0,0,0,0,0,5.67,0,6.08,6.08
100,A,MAXI LOPEZ,CHIEVO,9,1,0,1,0,0,0,0,0,0,0,0,1,5.67,0,5.94,5.94
452,A,PAVOLETTI,SASSUOLO,4,0,0,0,0,0,0,0,0,0,0,0,0,5.63,0,5.63,5.63
48,A,LONGO,CAGLIARI,5,0,0,0,0,0,0,0,0,0,0,0,0,5.6,0,5.6,5.6
782,A,CARBONERO,CESENA,5,2,0,0,0,0,0,0,0,0,0,0,0,5.6,0,5.4,5.4
849,A,HUGO ALMEIDA,CESENA,6,0,0,0,0,0,0,0,0,0,0,0,0,5.58,0,5.58,5.58
210,A,PALACIO,INTER,9,1,0,0,0,2,2,0,0,1,0,0,0,5.56,0,5.17,5.39
26,A,DENIS,ATALANTA,13,0,0,1,0,0,0,0,0,1,0,0,0,5.54,0,5.54,5.54
425,A,FEDATO,SAMPDORIA,1,0,0,0,0,0,0,0,0,0,0,0,0,5.5,0,5.5,5.5
423,A,BERGESSIO,SAMPDORIA,3,0,0,0,0,0,0,0,0,0,0,0,0,5.5,0,5.5,5.5
823,A,JOAO SILVA,PALERMO,1,1,0,0,0,0,0,0,0,0,0,0,0,5.5,0,5,5
155,A,GOMEZ M.,FIORENTINA,7,1,0,1,0,1,1,0,0,0,0,0,0,5.43,0,5.79,5.93
752,A,GHEZZAL,PARMA,6,0,0,0,0,0,0,0,0,0,0,0,0,5.42,0,5.42,5.42
428,A,SANSONE G.,SAMPDORIA,3,0,0,0,0,0,0,0,0,0,0,0,0,5.33,0,5.33,5.33
785,A,TORRES,MILAN,8,0,0,1,0,0,0,0,0,0,0,0,0,5.31,0,5.69,5.69
536,A,NENE',VERONA,4,1,0,0,0,0,0,0,0,0,0,0,0,5.25,0,5.13,5.13
294,A,PAZZINI,MILAN,2,0,0,0,0,0,0,0,0,0,0,0,0,5.25,0,5.25,5.25
374,A,PALLADINO,PARMA,5,0,0,1,0,0,0,0,0,0,0,0,0,5.2,0,5.8,5.8
478,A,LARRONDO,TORINO,4,0,0,0,0,0,0,0,0,1,0,0,0,5.13,0,4.38,4.38
372,A,BELFODIL,PARMA,9,1,0,0,0,0,0,0,0,0,0,0,0,5.11,0,5.06,5.06
320,A,MICHU,NAPOLI,2,1,0,0,0,0,0,0,0,0,0,0,0,5,0,4.75,4.75
479,A,MARTINEZ,TORINO,1,0,0,0,0,0,0,0,0,0,0,0,0,5,0,5,5
784,A,MAKIENOK,PALERMO,1,0,0,0,0,0,0,0,0,0,0,0,0,5,0,5,5
531,C,ROMULO,JUVENTUS,1,0,0,0,0,0,0,0,0,0,0,0,0,7,0,7,7
230,C,PADOIN,JUVENTUS,2,0,1,0,0,0,0,0,0,0,0,0,0,6.75,0,6.25,6.25
312,C,GARGANO,NAPOLI,6,2,0,0,0,1,1,0,0,0,0,0,0,6.67,0,6.5,6.67
391,C,KEITA S.,ROMA,10,1,0,1,0,0,0,0,0,0,0,0,0,6.6,0,6.85,6.85
228,C,MARCHISIO,JUVENTUS,13,3,0,1,0,1,1,0,0,0,0,0,0,6.58,0,6.69,6.77
234,C,POGBA,JUVENTUS,12,3,0,3,0,1,1,0,0,0,0,0,1,6.58,1,7.21,7.29
392,C,NAINGGOLAN,ROMA,11,2,0,2,0,1,1,0,0,0,0,0,2,6.55,0,7,7.09
256,C,EDERSON,LAZIO,2,1,0,1,0,0,0,0,0,0,0,0,0,6.5,0,7.75,7.75
226,C,COMAN,JUVENTUS,4,0,0,0,0,1,1,0,0,0,0,0,0,6.5,0,6.5,6.75
848,C,MANDRAGORA,GENOA,1,0,0,0,0,0,0,0,0,0,0,0,0,6.5,0,6.5,6.5
855,C,MATTIELLO,JUVENTUS,1,0,0,0,0,0,0,0,0,0,0,0,0,6.5,0,6.5,6.5
807,C,DAVID LOPEZ,NAPOLI,10,2,0,0,0,1,1,0,0,0,0,0,0,6.45,0,6.35,6.45
338,C,BARRETO E.,PALERMO,11,1,1,1,0,2,2,0,0,0,0,0,1,6.45,0,6.59,6.77
143,C,FERNANDEZ M.,FIORENTINA,9,0,0,2,0,0,0,0,0,0,0,0,1,6.44,0,7.11,7.11
170,C,BERTOLACCI,GENOA,12,0,0,1,0,1,1,0,0,0,0,0,0,6.38,0,6.63,6.71
255,C,CANDREVA,LAZIO,13,1,0,2,0,8,8,0,0,1,0,0,2,6.38,0,6.58,7.19
260,C,LULIC,LAZIO,12,4,0,2,0,2,2,0,0,0,0,0,0,6.38,0,6.71,6.88
418,C,OBIANG,SAMPDORIA,13,3,0,1,0,1,1,0,0,0,0,0,0,6.35,0,6.46,6.54
472,C,GAZZI,TORINO,10,3,0,0,0,0,0,0,0,0,0,0,0,6.35,0,6.2,6.2
389,C,DE ROSSI,ROMA,9,2,0,1,0,0,0,0,0,0,0,0,0,6.33,0,6.56,6.56
145,C,JOAQUIN,FIORENTINA,5,0,0,0,0,1,1,0,0,0,0,0,0,6.3,0,6.3,6.5
119,C,VALDIFIORI,EMPOLI,12,1,1,0,0,1,1,0,0,0,0,0,0,6.29,0,6.17,6.25
421,C,SORIANO,SAMPDORIA,12,4,0,0,0,0,0,0,0,0,0,0,0,6.29,0,6.13,6.13
419,C,PALOMBO,SAMPDORIA,11,4,0,0,0,0,0,0,0,0,1,0,0,6.27,0,6.36,6.36
394,C,PJANIC,ROMA,13,2,0,3,0,1,1,0,0,0,0,0,2,6.27,0,6.88,6.96
117,C,PUCCIARELLI,EMPOLI,11,0,0,3,0,0,0,0,0,0,0,0,0,6.27,1,7.09,7.09
120,C,VERDI,EMPOLI,10,1,0,0,0,0,0,0,0,0,0,0,0,6.25,0,6.2,6.2
40,C,COSSU,CAGLIARI,12,1,0,1,0,1,1,0,0,1,1,0,0,6.25,0,6.46,6.54
282,C,DE JONG,MILAN,10,6,0,2,0,0,0,0,0,0,0,0,0,6.25,0,6.55,6.55
343,C,MARESCA,PALERMO,4,0,0,0,0,0,0,0,0,0,0,0,0,6.25,0,6.25,6.25
315,C,JORGINHO,NAPOLI,7,3,0,0,0,0,0,0,0,0,0,0,0,6.21,0,6,6
262,C,ONAZI,LAZIO,7,2,0,0,0,1,1,0,0,0,0,0,0,6.21,0,6.07,6.21
390,C,FLORENZI,ROMA,12,2,0,2,0,1,1,0,0,0,0,0,1,6.21,0,6.63,6.71
142,C,CUADRADO,FIORENTINA,12,4,0,3,0,1,1,0,0,0,0,0,1,6.21,0,6.79,6.88
177,C,PEROTTI,GENOA,12,2,0,1,0,1,1,0,0,0,0,0,0,6.21,0,6.38,6.46
233,C,PIRLO,JUVENTUS,7,0,0,2,0,0,0,0,0,0,0,0,2,6.21,0,7.07,7.07
174,C,GRECO,GENOA,5,3,0,0,0,0,0,0,0,0,0,0,0,6.2,0,5.9,5.9
20,C,CIGARINI,ATALANTA,10,2,1,0,0,0,0,0,0,0,0,0,0,6.2,0,6,6
254,C,BIGLIA,LAZIO,10,2,0,1,0,0,0,0,0,0,0,0,0,6.2,0,6.4,6.4
284,C,HONDA,MILAN,13,1,0,6,0,1,1,0,0,0,0,0,1,6.19,1,7.54,7.62
309,C,CALLEJON,NAPOLI,13,1,0,8,0,0,0,0,0,0,0,0,2,6.19,0,8,8
16,C,BASELLI,ATALANTA,8,1,0,0,0,0,0,0,0,0,0,0,0,6.19,0,6.13,6.13
18,C,BRIENZA,CESENA,8,1,0,0,0,1,1,0,0,0,0,0,0,6.19,0,6.13,6.25
44,C,EKDAL,CAGLIARI,13,0,0,4,0,0,0,0,0,0,0,0,1,6.19,0,7.12,7.12
150,C,VECINO,EMPOLI,13,3,0,1,0,1,1,0,0,0,0,0,1,6.19,0,6.31,6.38
235,C,VIDAL,JUVENTUS,8,4,0,2,0,0,0,0,0,0,2,0,2,6.19,0,7.44,7.44
17,C,BONAVENTURA,MILAN,11,2,0,2,0,0,0,0,0,0,0,0,0,6.18,1,6.64,6.64
225,C,ASAMOAH,JUVENTUS,6,1,0,0,0,0,0,0,0,0,0,0,0,6.17,0,6.08,6.08
172,C,IAGO FALQUE,GENOA,6,1,0,1,0,1,1,0,0,0,0,0,0,6.17,0,6.58,6.75
524,C,TACHTSIDIS,VERONA,12,4,0,2,0,0,0,0,0,0,0,0,1,6.17,0,6.5,6.5
347,C,VAZQUEZ,PALERMO,13,3,0,3,0,1,1,0,0,1,0,0,0,6.15,0,6.5,6.58
232,C,PEREYRA,JUVENTUS,11,0,0,0,0,2,2,0,0,0,0,0,0,6.14,0,6.14,6.32
41,C,CRISETIG,CAGLIARI,11,4,0,0,0,0,0,0,0,0,0,0,0,6.14,0,5.95,5.95
43,C,DONSAH,CAGLIARI,4,0,0,0,0,0,0,0,0,0,0,0,0,6.13,0,6.13,6.13
261,C,MAURI,LAZIO,8,1,0,3,0,0,0,0,0,0,0,0,0,6.13,0,7.19,7.19
509,C,ZIELINSKI,EMPOLI,4,0,0,0,0,1,1,0,0,0,0,0,0,6.13,0,6.13,6.38
500,C,ALLAN,UDINESE,13,3,0,0,0,0,0,0,0,0,0,0,0,6.12,0,6,6
114,C,CROCE,EMPOLI,13,3,0,1,0,1,1,0,0,0,0,0,0,6.12,0,6.23,6.31
200,C,KOVACIC,INTER,13,2,0,2,0,1,1,0,0,0,0,0,0,6.12,1,6.5,6.58
207,C,TAIDER,SASSUOLO,9,3,0,2,0,2,2,0,0,0,0,0,1,6.11,0,6.61,6.83
202,C,KUZMANOVIC,INTER,5,0,0,0,0,0,0,0,0,0,0,0,0,6.1,0,6.1,6.1
93,C,IZCO,CHIEVO,5,0,0,1,0,1,1,0,0,0,0,0,0,6.1,0,6.7,6.9
527,C,HALLFREDSSON,VERONA,10,4,0,1,0,1,1,0,0,0,0,0,0,6.1,0,6.2,6.3
148,C,PIZARRO,FIORENTINA,11,3,0,0,0,0,0,0,0,0,0,0,0,6.09,0,5.95,5.95
756,C,RIZZO,SAMPDORIA,6,2,0,1,0,0,0,0,0,0,0,0,1,6.08,0,6.42,6.42
314,C,INLER,NAPOLI,9,2,0,1,0,0,0,0,0,0,0,0,0,6.06,0,6.28,6.28
339,C,BOLZONI,PALERMO,8,0,0,0,0,0,0,0,0,0,0,0,0,6.06,0,6.06,6.06
346,C,RIGONI,PALERMO,10,4,0,1,0,0,0,0,0,0,0,0,1,6.05,0,6.15,6.15
501,C,BADU,UDINESE,11,3,0,0,0,1,1,0,0,0,0,0,0,6.05,0,5.91,6
199,C,HERNANES,INTER,11,1,0,2,0,1,1,0,0,0,0,0,0,6.05,1,6.55,6.64
63,C,CASCIONE,CESENA,11,4,0,0,0,0,0,0,0,1,1,0,0,6.05,1,5.86,5.86
94,C,HETEMAJ,CHIEVO,12,2,0,0,0,0,0,0,0,0,0,0,0,6.04,0,5.96,5.96
116,C,MORO,EMPOLI,4,1,0,0,0,0,0,0,0,0,0,0,0,6,0,5.88,5.88
138,C,AQUILANI,FIORENTINA,10,1,0,0,0,0,0,0,0,0,0,0,0,6,0,5.95,5.95
203,C,LAXALT,EMPOLI,3,0,0,0,0,0,0,0,0,0,0,0,0,6,0,6,6
201,C,KRHIN,INTER,1,0,0,0,0,0,0,0,0,0,0,0,0,6,0,6,6
173,C,FETFATZIDIS,GENOA,1,0,0,0,0,0,0,0,0,0,0,0,0,6,0,6,6
198,C,GUARIN,INTER,7,2,0,2,0,1,1,0,0,0,0,0,0,6,0,6.71,6.86
506,C,PINZI,UDINESE,3,1,0,0,0,0,0,0,0,0,0,0,0,6,0,5.83,5.83
525,C,CHRISTODOULOPOULOS,VERONA,8,1,0,0,0,1,1,0,0,0,0,0,0,6,0,5.94,6.06
530,C,OBBADI,VERONA,7,1,0,0,0,1,1,0,0,0,0,0,0,6,0,5.93,6.07
393,C,PAREDES,ROMA,1,0,0,0,0,0,0,0,0,0,0,0,0,6,0,6,6
416,C,DUNCAN,SAMPDORIA,4,2,0,0,0,0,0,0,0,0,0,0,0,6,0,5.75,5.75
446,C,KURTIC,FIORENTINA,7,1,0,1,0,0,0,0,0,0,0,0,1,6,0,6.36,6.36
447,C,MAGNANELLI,SASSUOLO,13,4,0,0,0,0,0,0,0,0,0,0,0,6,0,5.85,5.85
345,C,QUAISON,PALERMO,2,0,0,0,0,0,0,0,0,0,0,0,0,6,0,6,6
316,C,MERTENS,NAPOLI,8,1,0,0,0,0,0,0,0,0,0,0,0,6,0,5.94,5.94
768,C,DE GUZMAN,NAPOLI,4,0,0,2,0,0,0,0,0,0,0,0,1,6,0,7.5,7.5
715,C,ESTIGARRIBIA,ATALANTA,6,1,0,1,0,0,0,0,0,0,0,0,0,6,0,6.42,6.42
717,C,GRASSI,ATALANTA,1,0,0,0,0,0,0,0,0,0,0,0,0,6,0,6,6
749,C,MAURI J.,PARMA,10,1,0,1,0,0,0,0,0,0,0,0,0,6,0,6.25,6.25
176,C,KUCKA,GENOA,10,1,0,1,0,0,0,0,0,0,0,0,0,5.95,0,6.2,6.2
39,C,CONTI,CAGLIARI,8,4,0,0,0,0,0,0,0,0,0,0,0,5.94,0,5.69,5.69
448,C,MISSIROLI,SASSUOLO,11,0,0,1,0,0,0,0,0,0,0,0,0,5.91,0,6.18,6.18
366,C,GALLOPPA,PARMA,5,2,0,0,0,1,1,0,0,0,0,0,0,5.9,0,5.7,5.9
367,C,JORQUERA,PARMA,5,0,0,0,0,2,2,0,0,0,0,0,0,5.9,0,5.9,6.3
22,C,MIGLIACCIO,ATALANTA,5,2,0,0,0,0,0,0,0,0,0,0,0,5.9,0,5.7,5.7
66,C,DE FEUDIS,CESENA,9,2,0,0,0,0,0,0,0,0,0,0,0,5.89,0,5.78,5.78
96,C,LAZAREVIC,CHIEVO,4,0,0,0,0,1,1,0,0,0,0,0,0,5.88,0,5.88,6.13
90,C,BIRSA,CHIEVO,12,1,0,0,0,1,1,0,0,0,0,0,0,5.88,0,5.83,5.92
179,C,RINCON,GENOA,7,2,0,0,0,0,0,0,0,0,0,0,0,5.86,0,5.71,5.71
364,C,ACQUAH,PARMA,11,4,1,0,0,0,0,0,0,0,0,0,0,5.86,0,5.59,5.59
257,C,FELIPE ANDERSON,LAZIO,10,0,0,0,0,0,0,0,0,0,0,0,0,5.85,0,5.85,5.85
417,C,KRSTICIC,SAMPDORIA,3,0,0,0,0,0,0,0,0,0,0,0,0,5.83,0,5.83,5.83
149,C,VARGAS J.,FIORENTINA,3,0,0,0,0,0,0,0,0,0,0,0,0,5.83,0,5.83,5.83
88,C,BELLOMO,CHIEVO,3,0,0,0,0,1,1,0,0,0,0,0,0,5.83,0,5.83,6.17
718,C,MOLINA,ATALANTA,3,1,0,0,0,0,0,0,0,0,0,0,0,5.83,0,5.67,5.67
528,C,IONITA,VERONA,11,4,0,2,0,1,1,0,0,0,0,0,1,5.82,1,6.18,6.27
820,C,GOMEZ A.,ATALANTA,5,0,0,0,0,0,0,0,0,0,0,0,0,5.8,0,5.8,5.8
780,C,CAMPANHARO,VERONA,7,2,0,0,0,0,0,0,0,0,0,0,0,5.79,0,5.64,5.64
713,C,MEDEL,INTER,12,1,1,0,0,0,0,0,0,0,0,0,0,5.79,0,5.67,5.67
475,C,VIVES,TORINO,12,2,0,0,0,1,1,0,0,0,0,0,0,5.79,0,5.71,5.79
140,C,BORJA VALERO,FIORENTINA,12,2,0,1,0,2,2,0,0,0,0,0,0,5.79,0,5.96,6.13
98,C,RADOVANOVIC,CHIEVO,12,2,1,1,0,1,1,0,0,0,0,0,0,5.79,1,5.88,5.96
181,C,STURARO,GENOA,7,2,1,0,0,0,0,0,0,0,0,0,0,5.79,0,5.5,5.5
23,C,MORALEZ,ATALANTA,9,2,0,1,0,0,0,0,0,0,0,0,0,5.78,0,6,6
286,C,MUNTARI,MILAN,9,5,0,2,0,0,0,0,0,0,0,0,2,5.78,0,6.17,6.17
263,C,PAROLO,LAZIO,13,3,0,2,0,0,0,0,0,0,0,0,0,5.77,0,6.12,6.12
503,C,GUILHERME,UDINESE,13,2,0,0,0,0,0,0,0,0,0,0,0,5.77,0,5.69,5.69
502,C,BRUNO FERNANDES,UDINESE,10,3,0,1,0,0,0,0,0,0,0,0,0,5.75,0,5.9,5.9
471,C,FARNERUD,TORINO,4,0,0,1,0,0,0,0,0,0,0,0,0,5.75,0,6.5,6.5
444,C,BRIGHI,SASSUOLO,4,1,0,0,0,0,0,0,0,0,0,0,0,5.75,0,5.63,5.63
283,C,ESSIEN,MILAN,6,0,1,0,0,0,0,0,0,0,0,0,0,5.75,0,5.58,5.58
42,C,DESSENA,CAGLIARI,8,1,0,0,0,0,0,0,0,0,0,0,0,5.75,0,5.69,5.69
171,C,COFIE,CHIEVO,8,1,0,0,0,0,0,0,0,0,0,0,0,5.75,0,5.69,5.69
19,C,CARMONA,ATALANTA,11,5,0,0,0,0,0,0,0,0,0,0,0,5.73,0,5.5,5.5
313,C,HAMSIK,NAPOLI,11,0,0,2,0,2,2,0,0,0,0,0,0,5.73,0,6.27,6.45
473,C,NOCERINO,TORINO,5,0,0,0,0,0,0,0,0,0,0,0,0,5.7,0,5.7,5.7
766,C,KONE,UDINESE,8,4,0,0,0,1,1,0,0,0,0,0,0,5.69,0,5.44,5.56
474,C,RUBEN PEREZ,TORINO,3,2,0,0,0,0,0,0,0,0,0,0,0,5.67,0,5.33,5.33
710,C,SANCHEZ MINO,TORINO,9,1,0,0,0,0,0,0,0,1,0,0,0,5.67,0,5.28,5.28
340,C,CHOCHEV,PALERMO,3,1,0,0,0,0,0,0,0,0,0,0,0,5.67,0,5.5,5.5
344,C,N'GOYI,PALERMO,3,0,0,0,0,0,0,0,0,0,0,0,0,5.67,0,5.67,5.67
118,C,SIGNORELLI,EMPOLI,3,0,0,0,0,0,0,0,0,0,0,0,0,5.67,0,5.67,5.67
287,C,POLI,MILAN,10,0,0,0,0,0,0,0,0,0,0,0,0,5.65,0,5.65,5.65
65,C,COPPOLA,CESENA,10,2,1,0,0,0,0,0,0,0,0,0,0,5.6,0,5.4,5.4
21,C,D'ALESSANDRO,ATALANTA,6,1,0,0,0,0,0,0,0,0,0,0,0,5.58,0,5.5,5.5
529,C,JANKOVIC,VERONA,6,0,0,0,0,0,0,0,0,0,0,0,0,5.58,0,5.58,5.58
469,C,BENASSI,TORINO,6,4,0,0,0,0,0,0,0,0,0,0,0,5.58,0,5.25,5.25
809,C,LESTIENNE,GENOA,6,0,0,0,0,0,0,0,0,0,0,0,0,5.58,0,5.58,5.58
443,C,BIONDINI,SASSUOLO,7,0,0,0,0,0,0,0,0,0,0,0,0,5.57,0,5.57,5.57
470,C,EL KADDOURI,TORINO,11,2,1,0,0,1,1,0,0,1,0,0,0,5.55,0,5.09,5.18
445,C,CHIBSAH,SASSUOLO,1,0,0,0,0,0,0,0,0,0,0,0,0,5.5,0,5.5,5.5
258,C,GONZALEZ ALV.,LAZIO,2,0,0,0,0,0,0,0,0,0,0,0,0,5.5,0,5.5,5.5
259,C,LEDESMA,LAZIO,2,1,0,0,0,0,0,0,0,0,0,0,0,5.5,0,5.25,5.25
368,C,MARCHIONNI,SAMPDORIA,1,0,0,0,0,0,0,0,0,0,0,0,0,5.5,0,5.5,5.5
67,C,GIORGI,CESENA,9,3,0,0,0,0,0,0,0,0,0,0,0,5.5,0,5.33,5.33
68,C,TABANELLI,CESENA,1,0,0,0,0,0,0,0,0,0,0,0,0,5.5,0,5.5,5.5
69,C,ZE' EDUARDO,CESENA,3,0,0,0,0,0,0,0,0,0,0,0,0,5.5,0,5.5,5.5
144,C,ILICIC,FIORENTINA,8,2,0,1,0,0,0,0,0,0,0,0,0,5.5,1,5.75,5.75
205,C,OBI,INTER,6,1,0,1,0,0,0,0,0,0,0,0,0,5.5,1,5.92,5.92
810,C,BADELJ,FIORENTINA,3,0,0,0,0,0,0,0,0,0,0,0,0,5.5,0,5.5,5.5
812,C,VAN GINKEL,MILAN,2,0,0,0,0,0,0,0,0,0,0,0,0,5.5,0,5.5,5.5
815,C,JOAO PEDRO,CAGLIARI,5,1,0,1,0,0,0,0,0,0,0,0,0,5.5,0,6,6
783,C,LUCAS EVANGELISTA,UDINESE,2,0,0,0,0,0,0,0,0,0,0,0,0,5.5,0,5.5,5.5
774,C,LODI,PARMA,11,2,0,0,0,0,0,0,0,0,0,0,0,5.5,0,5.41,5.41
204,C,M'VILA,INTER,4,0,0,0,0,0,0,0,0,0,0,0,0,5.38,0,5.38,5.38
206,C,SCHELOTTO,CHIEVO,6,0,0,0,0,0,0,0,0,0,0,0,0,5,0,5,5
97,C,MANGANI,CHIEVO,1,1,0,0,0,0,0,0,0,0,0,0,0,5,0,4.5,4.5
365,C,BIABIANY,PARMA,1,0,0,0,0,0,0,0,0,0,0,0,0,5,0,5,5
776,C,LUCAS SOUZA,PARMA,2,0,0,0,0,0,0,0,0,0,0,0,0,5,0,5,5
843,C,MARIGA,PARMA,1,0,0,0,0,0,0,0,0,0,0,0,0,5,0,5,5
288,C,SAPONARA,MILAN,1,0,0,0,0,0,0,0,0,0,0,0,0,4.5,0,4.5,4.5
141,C,BRILLANTE,FIORENTINA,1,0,0,0,0,0,0,0,0,0,0,0,0,4.5,0,4.5,4.5
769,D,GENTILETTI,LAZIO,2,0,0,0,0,0,0,0,0,0,0,0,0,7,0,7,7
32,D,BENEDETTI,CAGLIARI,2,1,0,0,0,1,1,0,0,0,0,0,0,6.75,0,6.5,7
129,D,BASANTA,FIORENTINA,4,1,0,0,0,0,0,0,0,0,0,0,0,6.5,0,6.38,6.38
251,D,PEREIRINHA,LAZIO,1,0,0,0,0,0,0,0,0,0,0,0,0,6.5,0,6.5,6.5
386,D,MAICON,ROMA,7,1,0,0,0,0,0,0,0,0,0,0,0,6.5,0,6.43,6.43
825,D,SOMMA,ROMA,1,1,0,0,0,0,0,0,0,0,0,0,0,6.5,0,6,6
779,D,GONZALEZ G.,PALERMO,7,1,0,1,0,0,0,0,0,0,0,0,1,6.43,0,6.79,6.79
380,D,ASTORI,ROMA,7,3,0,0,0,0,0,0,0,0,0,0,0,6.43,0,6.21,6.21
813,D,BRUNO PERES,TORINO,11,2,0,1,0,1,1,0,0,0,0,0,0,6.36,0,6.55,6.64
778,D,MANOLAS,ROMA,11,2,1,0,0,0,0,0,0,0,0,0,0,6.36,0,6.18,6.18
708,D,CAPUANO,CAGLIARI,3,0,0,0,0,0,0,0,0,0,0,0,0,6.33,0,6.33,6.33
277,D,MEXES,MILAN,3,2,0,0,0,0,0,0,0,0,0,0,0,6.33,0,6,6
107,D,BARBA,EMPOLI,3,0,0,1,0,0,0,0,0,0,0,0,0,6.33,0,7.33,7.33
112,D,RUGANI,EMPOLI,13,0,0,1,0,0,0,0,0,0,0,0,0,6.31,1,6.54,6.54
220,D,LICHTSTEINER,JUVENTUS,13,3,1,2,0,3,3,0,0,0,0,0,0,6.31,0,6.58,6.81
215,D,BONUCCI,JUVENTUS,14,2,0,1,0,0,0,0,0,0,0,0,1,6.29,0,6.43,6.43
248,D,DE VRIJ,LAZIO,12,2,1,0,0,0,0,0,0,0,0,0,0,6.29,0,6.13,6.13
302,D,GHOULAM,NAPOLI,7,1,0,0,0,1,1,0,0,0,0,0,0,6.29,0,6.21,6.36
817,D,YANGA MBIWA,ROMA,9,0,0,0,0,1,1,0,0,0,0,0,0,6.28,0,6.28,6.39
489,D,DANILO,UDINESE,13,1,0,1,0,0,0,0,0,0,0,0,1,6.27,0,6.46,6.46
15,D,ZAPPACOSTA,ATALANTA,11,1,0,0,0,0,0,0,0,0,0,0,0,6.27,0,6.23,6.23
12,D,RAIMONDI,ATALANTA,4,2,0,0,0,2,2,0,0,0,0,0,0,6.25,0,6,6.5
58,D,MAGNUSSON,CESENA,4,0,0,0,0,0,0,0,0,0,0,0,0,6.25,0,6.25,6.25
216,D,CACERES,JUVENTUS,4,0,0,0,0,0,0,0,0,0,0,0,0,6.25,0,6.25,6.25
462,D,JANSSON,TORINO,2,0,0,0,0,0,0,0,0,0,0,0,0,6.25,0,6.25,6.25
442,D,VRSALJKO,SASSUOLO,8,3,0,0,0,0,0,0,0,0,0,0,0,6.25,0,6.06,6.06
333,D,MUNOZ,PALERMO,8,1,0,0,0,0,0,0,0,0,0,0,0,6.25,0,6.19,6.19
411,D,GASTALDELLO,SAMPDORIA,9,2,0,2,0,0,0,0,0,0,0,0,0,6.22,1,6.78,6.78
271,D,ABATE,MILAN,10,0,0,0,0,4,4,0,0,0,0,0,0,6.2,0,6.2,6.6
6,D,BIAVA,ATALANTA,8,1,0,0,0,0,0,0,0,0,0,0,0,6.19,0,6.13,6.13
10,D,DEL GROSSO,ATALANTA,3,0,0,0,0,0,0,0,0,0,0,0,0,6.17,0,6.17,6.17
161,D,ANTONELLI,GENOA,12,3,0,2,0,1,1,0,0,0,0,0,0,6.17,1,6.54,6.63
273,D,ALEX,MILAN,6,0,0,0,0,0,0,0,0,0,0,1,0,6.17,0,5.83,5.83
821,D,RICHARDS,FIORENTINA,3,1,0,0,0,0,0,0,0,0,0,0,0,6.17,0,6,6
387,D,ROMAGNOLI,SAMPDORIA,7,2,0,1,0,1,1,0,0,0,0,0,1,6.14,0,6.43,6.57
388,D,TOROSIDIS,ROMA,7,2,0,1,0,0,0,0,0,0,0,0,1,6.14,0,6.43,6.43
222,D,OGBONNA,JUVENTUS,11,3,0,0,0,0,0,0,0,0,0,0,0,6.14,0,6,6
217,D,CHIELLINI,JUVENTUS,12,4,0,0,0,0,0,0,0,0,0,0,0,6.13,0,5.96,5.96
84,D,GAMBERINI,CHIEVO,4,1,0,0,0,0,0,0,0,0,0,0,0,6.13,0,6,6
432,D,ACERBI,SASSUOLO,8,3,0,1,0,0,0,0,0,0,0,0,1,6.13,0,6.31,6.31
466,D,MORETTI,TORINO,13,2,0,0,0,0,0,0,0,0,0,0,0,6.12,0,6.04,6.04
87,D,ZUKANOVIC,CHIEVO,9,3,0,1,0,0,0,0,0,0,0,0,0,6.11,0,6.28,6.28
164,D,DE MAIO,GENOA,10,3,0,0,0,0,0,0,0,0,0,0,0,6.1,0,5.95,5.95
14,D,STENDARDO,ATALANTA,5,2,0,0,0,0,0,0,0,0,0,0,0,6.1,0,5.9,5.9
305,D,MAGGIO,NAPOLI,10,3,0,0,0,1,1,0,0,0,0,0,0,6.1,0,5.95,6.05
441,D,TERRANOVA,SASSUOLO,6,0,0,0,0,0,0,0,0,0,0,0,0,6.08,0,6.08,6.08
436,D,CANNAVARO,SASSUOLO,6,1,0,0,0,0,0,0,0,0,0,0,0,6.08,0,6,6
11,D,DRAME',ATALANTA,12,3,0,0,0,1,1,0,0,0,0,0,0,6.08,0,5.96,6.04
162,D,ANTONINI,GENOA,6,2,0,1,0,0,0,0,0,0,0,0,1,6.08,0,6.42,6.42
166,D,MARCHESE,GENOA,7,1,0,1,0,2,2,0,0,0,0,0,0,6.07,0,6.43,6.71
136,D,SAVIC,FIORENTINA,14,3,0,1,0,0,0,0,0,0,0,0,0,6.07,0,6.18,6.18
194,D,RANOCCHIA,INTER,12,3,0,1,0,0,0,0,0,0,0,0,0,6.04,0,6.17,6.17
31,D,BALZANO,CAGLIARI,12,3,0,0,0,2,2,0,0,0,0,0,0,6.04,0,5.92,6.08
499,D,WIDMER,UDINESE,12,2,0,1,0,2,2,0,0,0,0,0,0,6.04,0,6.21,6.38
465,D,MOLINARO,TORINO,5,1,0,0,0,0,0,0,0,0,0,0,0,6,0,5.9,5.9
808,D,HOLEBAS,ROMA,5,2,0,1,0,0,0,0,0,0,0,0,0,6,0,6.4,6.4
30,D,AVELAR,CAGLIARI,10,4,0,1,0,0,0,0,0,1,2,0,0,6,0,6.4,6.4
110,D,MARIO RUI,EMPOLI,12,1,0,0,0,1,1,0,0,0,0,0,0,6,0,5.96,6.04
165,D,IZZO,GENOA,3,0,0,0,0,0,0,0,0,0,0,0,0,6,0,6,6
461,D,GLIK,TORINO,11,4,0,1,0,0,0,0,0,0,0,0,0,6,0,6.09,6.09
458,D,BOVO,TORINO,4,2,0,0,0,0,0,0,0,0,0,0,0,6,0,5.75,5.75
485,D,ARMERO,MILAN,2,0,0,0,0,0,0,0,0,0,0,0,0,6,0,6,6
492,D,EDENILSON,GENOA,10,1,0,0,0,0,0,0,0,0,0,0,0,6,0,5.95,5.95
495,D,HEURTAUX,UDINESE,13,1,0,1,0,0,0,0,0,0,0,0,1,6,0,6.19,6.19
433,D,ANTEI,SASSUOLO,6,2,0,0,0,0,0,0,0,0,0,0,0,6,0,5.83,5.83
409,D,DE SILVESTRI,SAMPDORIA,12,2,0,0,0,1,1,0,0,0,0,0,0,6,0,5.92,6
332,D,MORGANELLA,PALERMO,9,4,0,0,0,1,1,0,0,0,0,0,0,6,0,5.78,5.89
304,D,KOULIBALY,NAPOLI,13,3,1,1,0,0,0,0,0,0,0,0,0,5.96,0,6,6
463,D,MAKSIMOVIC,TORINO,11,1,0,0,0,0,0,0,0,0,0,0,0,5.95,0,5.91,5.91
163,D,BURDISSO,GENOA,10,3,0,0,0,0,0,0,0,0,0,0,0,5.95,0,5.8,5.8
195,D,SILVESTRE,SAMPDORIA,9,2,0,0,0,0,0,0,0,0,0,0,0,5.94,0,5.83,5.83
244,D,BRAAFHEID,LAZIO,9,1,0,0,0,1,1,0,0,0,0,1,0,5.94,0,5.67,5.78
247,D,CIANI,LAZIO,6,0,0,0,0,0,0,0,0,0,0,0,0,5.92,0,5.92,5.92
335,D,TERZI,PALERMO,6,2,0,0,0,0,0,0,0,0,0,0,0,5.92,0,5.75,5.75
459,D,DARMIAN,TORINO,12,0,0,1,0,0,0,0,0,0,0,0,1,5.92,0,6.17,6.17
113,D,TONELLI,EMPOLI,11,1,1,3,0,0,0,0,0,0,0,0,0,5.91,1,6.59,6.59
62,D,VOLTA,CESENA,11,2,0,0,0,0,0,0,0,0,0,1,0,5.91,0,5.64,5.64
5,D,BENALOUANE,ATALANTA,10,5,0,0,0,0,0,0,0,0,0,0,0,5.9,0,5.65,5.65
328,D,DAPRELA',PALERMO,5,1,0,0,0,0,0,0,0,0,0,0,0,5.9,0,5.8,5.8
490,D,DOMIZZI,UDINESE,4,0,1,0,0,0,0,0,0,0,0,0,0,5.88,0,5.63,5.63
57,D,LUCCHINI,CESENA,12,6,0,1,0,0,0,0,0,0,0,0,0,5.88,0,5.88,5.88
81,D,DAINELLI,CHIEVO,11,3,0,0,0,0,0,0,0,0,0,0,0,5.86,0,5.73,5.73
9,D,CHERUBIN,ATALANTA,7,0,0,0,0,0,0,0,0,0,0,0,0,5.86,0,5.86,5.86
61,D,RENZETTI,CESENA,10,1,0,0,0,0,0,0,0,0,0,0,0,5.85,0,5.8,5.8
108,D,HYSAJ,EMPOLI,13,2,0,0,0,0,0,0,0,0,0,0,0,5.85,0,5.77,5.77
168,D,ROSI,GENOA,3,0,0,0,0,0,0,0,0,0,0,0,0,5.83,0,5.83,5.83
219,D,EVRA,JUVENTUS,6,1,0,0,0,0,0,0,0,0,0,0,0,5.83,0,5.75,5.75
192,D,MBAYE,INTER,3,0,0,0,0,0,0,0,0,0,0,0,0,5.83,0,5.83,5.83
438,D,LONGHI,SASSUOLO,3,0,0,0,0,1,1,0,0,0,0,0,0,5.83,0,5.83,6.17
407,D,CACCIATORE,SAMPDORIA,6,0,1,0,0,0,0,0,0,0,0,0,0,5.83,0,5.67,5.67
246,D,CAVANDA,LAZIO,6,3,1,0,0,0,0,0,0,0,0,0,0,5.83,0,5.42,5.42
361,D,MESBAH,SAMPDORIA,8,0,0,0,0,0,0,0,0,0,0,0,0,5.81,0,5.81,5.81
189,D,DODO',INTER,13,2,0,0,0,2,2,0,0,0,0,0,0,5.81,0,5.73,5.88
223,D,SORENSEN,VERONA,5,0,0,0,0,0,0,0,0,0,0,0,0,5.8,0,5.8,5.8
278,D,RAMI,MILAN,10,1,0,1,0,0,0,0,0,0,0,0,0,5.8,1,6.05,6.05
137,D,TOMOVIC,FIORENTINA,7,2,0,1,0,0,0,0,0,0,0,0,0,5.79,0,6.07,6.07
135,D,RONCAGLIA,GENOA,9,3,2,0,0,0,0,0,0,0,0,0,0,5.78,0,5.39,5.39
327,D,ANDELKOVIC,PALERMO,13,2,0,0,0,0,0,0,0,0,0,0,0,5.77,0,5.69,5.69
705,D,MARQUEZ,VERONA,11,2,1,0,0,0,0,0,0,0,0,0,0,5.77,0,5.59,5.59
775,D,EMERSON,PALERMO,2,0,0,0,0,0,0,0,0,0,0,0,0,5.75,0,5.75,5.75
704,D,PIRIS,UDINESE,10,2,0,0,0,0,0,0,0,0,0,0,0,5.75,0,5.65,5.65
329,D,LAZAAR,PALERMO,8,0,0,0,0,0,0,0,0,0,0,0,0,5.75,0,5.75,5.75
307,D,ZUNIGA,NAPOLI,6,0,0,0,0,0,0,0,0,0,0,0,0,5.75,0,5.75,5.75
303,D,HENRIQUE,NAPOLI,2,0,0,0,0,0,0,0,0,0,0,0,0,5.75,0,5.75,5.75
300,D,BRITOS,NAPOLI,4,2,0,0,0,0,0,0,0,0,0,0,0,5.75,0,5.5,5.5
249,D,KONKO,LAZIO,2,0,0,0,0,0,0,0,0,0,0,0,0,5.75,0,5.75,5.75
250,D,NOVARETTI,LAZIO,2,1,0,0,0,0,0,0,0,0,0,0,0,5.75,0,5.5,5.5
190,D,JONATHAN,INTER,2,0,0,0,0,0,0,0,0,0,0,0,0,5.75,0,5.75,5.75
186,D,ANDREOLLI,INTER,2,0,0,0,0,0,0,0,0,0,0,0,0,5.75,0,5.75,5.75
86,D,SARDO,CHIEVO,4,1,0,0,0,0,0,0,0,0,0,0,0,5.75,0,5.63,5.63
83,D,FREY,CHIEVO,12,3,0,0,0,0,0,0,0,0,0,0,0,5.75,0,5.63,5.63
54,D,CAPELLI,CESENA,12,4,0,0,0,0,0,0,0,0,0,0,0,5.75,0,5.58,5.58
36,D,ROSSETTINI,CAGLIARI,12,4,0,0,0,2,2,0,0,0,0,1,0,5.71,0,5.38,5.54
132,D,PASQUAL,FIORENTINA,5,0,0,0,0,0,0,0,0,0,0,0,0,5.7,0,5.7,5.7
384,D,COLE,ROMA,8,1,0,0,0,0,0,0,0,0,0,0,0,5.69,0,5.63,5.63
413,D,REGINI,SAMPDORIA,6,0,1,0,0,0,0,0,0,0,0,0,0,5.67,0,5.5,5.5
437,D,GAZZOLA,SASSUOLO,6,1,0,0,0,0,0,0,0,0,0,0,0,5.67,0,5.58,5.58
60,D,PERICO,CESENA,3,2,0,0,0,0,0,0,0,0,0,0,0,5.67,0,5.33,5.33
80,D,CESAR,CHIEVO,6,2,0,0,0,0,0,0,0,0,0,0,0,5.67,0,5.5,5.5
109,D,LAURINI,EMPOLI,6,0,0,0,0,0,0,0,0,0,0,0,0,5.67,0,5.67,5.67
134,D,RODRIGUEZ GO.,FIORENTINA,13,5,0,1,0,0,0,0,0,1,0,0,0,5.65,0,5.46,5.46
218,D,DE CEGLIE,PARMA,7,2,0,3,0,0,0,0,0,0,0,0,1,5.64,0,6.79,6.79
358,D,GOBBI,PARMA,11,3,0,0,0,0,0,0,0,0,0,0,0,5.64,0,5.5,5.5
299,D,ALBIOL,NAPOLI,12,2,0,0,0,1,1,0,0,0,0,0,0,5.63,0,5.54,5.63
7,D,BRIVIO,VERONA,4,0,0,0,0,0,0,0,0,0,0,0,0,5.63,0,5.63,5.63
746,D,SANTACROCE,PARMA,4,1,0,0,0,0,0,0,0,0,0,0,0,5.63,0,5.5,5.5
191,D,JUAN JESUS,INTER,13,3,0,0,0,0,0,0,0,0,0,0,0,5.62,0,5.5,5.5
274,D,BONERA,MILAN,5,0,2,0,0,0,0,0,0,0,0,0,0,5.6,0,5.2,5.2
252,D,RADU,LAZIO,5,2,0,0,0,0,0,0,0,0,0,0,0,5.6,0,5.4,5.4
245,D,CANA,LAZIO,6,1,1,0,0,0,0,0,0,0,0,0,0,5.58,0,5.33,5.33
517,D,AGOSTINI,VERONA,9,2,0,0,0,0,0,0,0,0,0,0,0,5.56,0,5.44,5.44
355,D,CEPPITELLI,CAGLIARI,11,2,0,0,0,0,0,0,0,0,0,0,0,5.55,0,5.45,5.45
79,D,BIRAGHI,CHIEVO,10,2,0,0,0,0,0,0,0,0,0,1,0,5.55,0,5.25,5.25
440,D,PELUSO,SASSUOLO,12,2,1,0,0,0,0,0,0,0,0,0,0,5.54,0,5.38,5.38
522,D,MORAS,VERONA,13,1,0,1,0,0,0,0,0,0,0,0,0,5.54,0,5.73,5.73
519,D,GONZALEZ ALE.,VERONA,2,0,0,0,0,0,0,0,0,0,0,0,0,5.5,0,5.5,5.5
497,D,PASQUALE,UDINESE,5,2,0,0,0,0,0,0,0,0,0,0,0,5.5,0,5.3,5.3
487,D,BUBNJIC,UDINESE,1,0,0,0,0,0,0,0,0,0,0,0,0,5.5,0,5.5,5.5
362,D,PALETTA,PARMA,1,0,0,0,0,0,0,0,0,0,0,0,0,5.5,0,5.5,5.5
408,D,COSTA,PARMA,7,2,0,0,0,0,0,0,0,0,0,0,0,5.5,0,5.36,5.36
383,D,CASTAN,ROMA,1,0,0,0,0,0,0,0,0,0,0,0,0,5.5,0,5.5,5.5
354,D,CASSANI,PARMA,1,0,0,0,0,0,0,0,0,0,0,0,0,5.5,0,5.5,5.5
334,D,PISANO E.,PALERMO,4,0,0,0,0,0,0,0,0,0,0,0,0,5.5,0,5.5,5.5
280,D,ZAPATA C.,MILAN,8,1,1,0,0,1,1,0,0,0,0,1,0,5.5,0,5.06,5.19
4,D,BELLINI,ATALANTA,1,0,0,0,0,0,0,0,0,0,0,0,0,5.5,0,5.5,5.5
35,D,PISANO F.,CAGLIARI,7,1,0,0,0,0,0,0,0,0,0,0,0,5.5,0,5.43,5.43
243,D,BASTA,LAZIO,5,1,0,0,0,0,0,0,0,0,0,0,0,5.5,0,5.4,5.4
187,D,CAMPAGNARO,INTER,2,1,0,0,0,0,0,0,0,0,0,0,0,5.5,0,5.25,5.25
188,D,D'AMBROSIO,INTER,3,1,0,0,0,0,0,0,0,0,0,0,0,5.5,0,5.33,5.33
128,D,MARCOS ALONSO,FIORENTINA,13,3,0,0,0,2,2,0,0,0,0,0,0,5.42,0,5.31,5.46
521,D,MARTIC,VERONA,6,2,0,0,0,0,0,0,0,0,0,0,0,5.42,0,5.25,5.25
818,D,MAZZOTTA,CESENA,6,0,0,0,0,0,0,0,0,0,0,0,0,5.42,0,5.42,5.42
357,D,FELIPE,PARMA,11,1,2,1,0,0,0,0,0,0,0,0,0,5.41,0,5.45,5.45
359,D,LUCARELLI,PARMA,11,5,0,1,0,0,0,0,0,0,0,0,0,5.41,0,5.45,5.45
193,D,NAGATOMO,INTER,5,0,1,0,0,0,0,0,0,0,0,0,0,5.4,0,5.2,5.2
196,D,VIDIC,INTER,9,0,1,0,0,0,0,0,0,0,0,0,0,5.39,0,5.28,5.28
745,D,RISPOLI,PARMA,4,0,0,0,0,1,1,0,0,0,0,0,0,5.38,0,5.38,5.63
360,D,MENDES,PARMA,6,2,0,0,0,0,0,0,0,0,0,0,0,5.33,0,5.17,5.17
356,D,FEDDAL,PALERMO,5,2,0,0,0,0,0,0,0,0,0,0,0,5.3,0,5.1,5.1
276,D,DE SCIGLIO,MILAN,11,2,0,0,0,0,0,0,0,0,0,1,0,5.27,0,5,5
363,D,RISTOVSKI,PARMA,5,1,0,0,0,0,0,0,0,0,0,0,0,5.2,0,5.1,5.1
520,D,MARQUES,VERONA,5,0,0,0,0,0,0,0,0,0,0,1,0,5.2,0,4.8,4.8
777,D,BAMBA,PALERMO,1,0,0,0,0,0,0,0,0,0,0,0,0,5,0,5,5
434,D,ARIAUDO,SASSUOLO,2,1,0,0,0,0,0,0,0,0,0,0,0,5,0,4.75,4.75
34,D,MURRU,CAGLIARI,1,0,0,0,0,0,0,0,0,0,0,0,0,5,0,5,5
56,D,KRAJNC,CESENA,2,0,0,0,0,0,0,0,0,0,0,0,0,5,0,5,5
59,D,NICA,CESENA,1,0,0,0,0,0,0,0,0,0,0,1,0,4.5,0,2.5,2.5
